ï»¿web-scraper-order,web-scraper-start-url,handle,name,content,replies,retweets,favorites,unix_timestamp,published_date,url
1554328476-3241,https://twitter.com/search?l=&q=%23georgetown%20since%3A2019-01-01%20until%3A2019-04-03&src=typd&lang=en,@team980,The Team 980,NEXT! The Voice of the #Georgetown #Hoyas Rich Chvotkin (@HoyasWin) joins @AlGaldi talking @GeorgetownHoops big win over #Villanova LIVE on @team980 & The Team 980 App!pic.twitter.com/J80v0SckrJ,1,3,11,1.55E+12,2/21/2019 4:42,/team980/status/1098563539403505664
1554328476-3304,https://twitter.com/search?l=&q=%23georgetown%20since%3A2019-01-01%20until%3A2019-04-03&src=typd&lang=en,@bel8868,Bella Jamal,"Where is my coffee?
.
#penang #penangisland #travel #georgetown #food #yummy #foodie #recipes #delicious #instacool #picoftheday #instagood #foodoftheday #tagsforlikes #potd #follow @â€_ https://www.instagram.com/p/BsFbpsWB3Rs/?utm_source=ig_twitter_share&igshid=1m6m50anjoeb6Â â€_",0,0,2,1.55E+12,1/1/2019 0:15,/bel8868/status/1080014637825966081
1554328476-3277,https://twitter.com/search?l=&q=%23georgetown%20since%3A2019-01-01%20until%3A2019-04-03&src=typd&lang=en,@MarciTHouse,Marci T House,"Our 1st day in Washington was supposed to be spent at the #SmithsonianAfricanAmericanMuseum but the government #ShutDown changed all of that. No worries, we hit #Georgetown instead. Soâ€_ https://www.instagram.com/p/BsM9l9ahP-X/?utm_source=ig_twitter_share&igshid=1t3n2xs82jxv9Â â€_",1,0,2,1.55E+12,1/3/2019 22:26,/MarciTHouse/status/1081074442003009536
1554328476-3296,https://twitter.com/search?l=&q=%23georgetown%20since%3A2019-01-01%20until%3A2019-04-03&src=typd&lang=en,@LaChaumiereDC,La Chaumiere,"With so many #delicious options, it can be hard to choose only one! What was your favorite menu item in 2018? 
#LaChaumiereDC #DCEats #FrenchCuisine  #Georgetown #NewYearNewMepic.twitter.com/ZMM82orbUN",1,0,1,1.55E+12,1/1/2019 9:35,/LaChaumiereDC/status/1080155466121048064
1554328476-3192,https://twitter.com/search?l=&q=%23georgetown%20since%3A2019-01-01%20until%3A2019-04-03&src=typd&lang=en,@budweiserusa,Budweiser,"Impact, Courage, Hope. Rise up and toast Number 42 and his legacy. #ThisBudsForJackiepic.twitter.com/TEmzNhnsRn",13,70,407,1.55E+12,4/1/2019 7:07,/budweiserusa/status/1112718047318630400
1554328476-3249,https://twitter.com/search?l=&q=%23georgetown%20since%3A2019-01-01%20until%3A2019-04-03&src=typd&lang=en,@ISAACforTexas,Fmr. Rep. Jason Isaac,"If US went 100% renewable electric gen by 2030, it would = .7% reduction of CO2 by 2050. Ask #Georgetown TX if it's worth it. Glad you brought up PM; we are #winning. Our #oil and #natgas production in the US ; while PM , Life Expectancy , Poverty . #LifePoweredpic.twitter.com/CTSyL69eg0",1,6,8,1.55E+12,2/12/2019 19:43,/ISAACforTexas/status/1095528932101799936
1554328476-3264,https://twitter.com/search?l=&q=%23georgetown%20since%3A2019-01-01%20until%3A2019-04-03&src=typd&lang=en,@NycciNellis,Nycci Nellis,"Are you ready for some #Football?! Post up & watch #SuperBowLIII while sipping and snacking @CityWineryDC @JackRoseinDC @PennCommonsDC @ICSHDC @citytappennqtr @eatyourpizza #Georgetown @WCWharf + many more~
http://www.thelistareyouonit.com/calendar/action~oneday/exact_date~3-2-2019/Â â€_pic.twitter.com/yMltY1Ku3S",0,8,9,1.55E+12,1/31/2019 7:14,/NycciNellis/status/1090991813249433600
1554328476-3188,https://twitter.com/search?l=&q=%23georgetown%20since%3A2019-01-01%20until%3A2019-04-03&src=typd&lang=en,@TJN_Jobs,TheJobNetwork Jobs,"#JobOpening:
#Locum_Leaders 
#Locum_Tenens_Family_Practice_Physician_in_Georgetown,_Kentucky 
#Georgetown #KY

http://bit.ly/2JZHtUPÂ pic.twitter.com/rnoU9wuTRs",0,0,0,1.55E+12,4/2/2019 10:59,/TJN_Jobs/status/1113138931665711106
1554328476-3290,https://twitter.com/search?l=&q=%23georgetown%20since%3A2019-01-01%20until%3A2019-04-03&src=typd&lang=en,@AlchelleT,Alchelle Tayo,"Washington Has A Dark Secret!
https://www.amazon.com/s/ref=nb_sb_noss_2?url=search-alias%3Daps&field-keywords=maszkaÂ â€_
#Maszka #OrangeCounty #LaStampa #WaPo #AlAhram #cinemax #MGM #Youtube #Iran #Trump #Forbes #snapchat #Reuters #FoxNews #GMA #Yahoo #VanityFair #PennState #NYU #Georgetown #storytellers #BelfastTelegraph #eveningnews #theviewpic.twitter.com/wSqT1lh7Sa",0,18,19,1.55E+12,1/1/2019 18:02,/AlchelleT/status/1080283125522067456
1554328476-3307,https://twitter.com/search?l=&q=%23georgetown%20since%3A2019-01-01%20until%3A2019-04-03&src=typd&lang=en,@tcrowellmd,Trevor Crowell,Ringing in the new year with @tonyandjoes on the #Georgetown waterfront. Impressed that they stocked up at @Costco for the premium party! #riverbash2019 #riverfailpic.twitter.com/ywFiXAAaJ2,0,0,1,1.55E+12,12/31/2018 19:40,/tcrowellmd/status/1079945396716220416
1554328476-3244,https://twitter.com/search?l=&q=%23georgetown%20since%3A2019-01-01%20until%3A2019-04-03&src=typd&lang=en,@LouatTheState,Lou Bezjak,#Georgetown signee @malcwil33 with another dunk. Been big on both ends tonight. @RidgeViewHoops leads 66-43 5:28 left #thestatepic.twitter.com/HOQwUDNjdo,0,16,40,1.55E+12,2/19/2019 17:09,/LouatTheState/status/1098026892656066561
1554328476-3300,https://twitter.com/search?l=&q=%23georgetown%20since%3A2019-01-01%20until%3A2019-04-03&src=typd&lang=en,@GUMedAdmissions,GU Med Admissions,"Happy New Year Hoyas! Jack is rolling right on into 2019! 


 #GUSOM #Georgetown #GeorgetownUniversity #MedSchool #NewYear #HappyNewYear #Jackthebulldog #Skateboard #holiday #winterbreakpic.twitter.com/d3xVmWZHH8",0,0,2,1.55E+12,1/1/2019 8:02,/GUMedAdmissions/status/1080132226560466944
1554328476-3254,https://twitter.com/search?l=&q=%23georgetown%20since%3A2019-01-01%20until%3A2019-04-03&src=typd&lang=en,@John_Fanta,John Fanta,"Year 2 of the Patrick Ewing Era has brought significant progress for @GeorgetownHoops. Hoyas have already matched their win total from all of last season at 15.

#Georgetown commands Providence at The Dunk and the #Hoyas improve to 5-5 in @BIGEASTMBB. Next Up: Butler on Saturday.",3,11,40,1.55E+12,2/6/2019 18:39,/John_Fanta/status/1093338555353649152
1554328476-3187,https://twitter.com/search?l=&q=%23georgetown%20since%3A2019-01-01%20until%3A2019-04-03&src=typd&lang=en,@FanstandATX,FanstandATX,"Birthday S/O former #Georgetown QB Chandler Herman ('17) #10, dual sport Eagle (hoops), All District 4A Eagle, currently playing for #IncarnateWord, Fanstand Fampic.twitter.com/ldzlvSrrsh",0,4,19,1.55E+12,4/2/2019 11:31,/FanstandATX/status/1113147035677589504
1554328476-3199,https://twitter.com/search?l=&q=%23georgetown%20since%3A2019-01-01%20until%3A2019-04-03&src=typd&lang=en,@FanstandATX,FanstandATX,WEB GEM: #Georgetown SS Posey ('19) makes stop/throw from near shallow left #EFND @EFND_Baseball [: @Emily_E2020]pic.twitter.com/TsOjr4KqpC,1,8,70,1.55E+12,3/31/2019 7:36,/FanstandATX/status/1112363130330509314
1554328476-3195,https://twitter.com/search?l=&q=%23georgetown%20since%3A2019-01-01%20until%3A2019-04-03&src=typd&lang=en,@EF5Tornado318,Emareyon McDonald (4Â â_ê athlete moving on Â _Ÿ†™),Could be the nastiest backcourt in the country #Georgetown @The_ColeAnthonypic.twitter.com/cZMnXIPimV,3,5,57,1.55E+12,4/1/2019 16:32,/EF5Tornado318/status/1112860227026681856
1554328476-3213,https://twitter.com/search?l=&q=%23georgetown%20since%3A2019-01-01%20until%3A2019-04-03&src=typd&lang=en,@Folgers,Folgers,"We joined forces with fitness blogger, Lindsey Bomgren of @nourishmovelove, to spread the Can-Do spirit in the Twin Cities. See how our donation to The Sheridan Story will help support their mission to provide children in the area with nutritious food.pic.twitter.com/asHACKEEpP",7,4,46,1.55E+12,3/20/2019 9:14,/Folgers/status/1108401311710617600
1554328476-3271,https://twitter.com/search?l=&q=%23georgetown%20since%3A2019-01-01%20until%3A2019-04-03&src=typd&lang=en,@shawnrobbins,Shawn Robbins Â _Ÿ‡º_Ÿ‡¸,The good ole days are back!!! #ncaa #StJohns #Georgetown #cbssports Mullin vs Ewing   And itâ€™s going to #overtime !!!pic.twitter.com/5bZgJgRZZv,0,0,5,1.55E+12,1/5/2019 12:15,/shawnrobbins/status/1081645267374477313
1554328476-3286,https://twitter.com/search?l=&q=%23georgetown%20since%3A2019-01-01%20until%3A2019-04-03&src=typd&lang=en,@rebeccawangart,Rebecca Wang,"#Postcards with the beautiful view of the Georgetown waterfront, Key Bridge, and Potomac River in Washington DC - https://www.zazzle.com/z/1t44r?rf=238698262643940379Â â€_ #WashingtonDC #potomacriver #georgetown pic.twitter.com/8CLMbWlUnB",1,1,5,1.55E+12,1/2/2019 8:28,/rebeccawangart/status/1080501095594672128
1554328476-3306,https://twitter.com/search?l=&q=%23georgetown%20since%3A2019-01-01%20until%3A2019-04-03&src=typd&lang=en,@AnumAqilah,ì•„í‚¬ëù_,"Happy new year from my favourite town, Georgetown! 

#georgetown #penangisland #aa12go @ George Town, Malaysia https://www.instagram.com/p/BsFIOdcnkZ1/?utm_source=ig_twitter_share&igshid=w97kfsmsx6zpÂ â€_",0,0,0,1.55E+12,12/31/2018 21:25,/AnumAqilah/status/1079971920685068288
1554328476-3181,https://twitter.com/search?l=&q=%23georgetown%20since%3A2019-01-01%20until%3A2019-04-03&src=typd&lang=en,@tmj_de_retail,TMJ-DE Retail Jobs,"If you're looking for work in #Georgetown, DE, check out this #Retail job via the link in our bio: shift supervisor - Store# 50514, US 113 & COLLEGE PARK LANE at Starbucks",0,0,0,1.55E+12,4/2/2019 12:50,/tmj_de_retail/status/1113166905999630337
1554328476-3268,https://twitter.com/search?l=&q=%23georgetown%20since%3A2019-01-01%20until%3A2019-04-03&src=typd&lang=en,@coachrayford,Harold Rayford,I want to Thank Coach Kirby from Georgetown University for stopping by practice tonight! #TPA #HoyaParanoia #Georgetown #Diplomatpic.twitter.com/17GeSgXX7t,3,3,30,1.55E+12,1/17/2019 22:26,/coachrayford/status/1086147854861824000
1554328476-3269,https://twitter.com/search?l=&q=%23georgetown%20since%3A2019-01-01%20until%3A2019-04-03&src=typd&lang=en,@niannelynn,Nianne Hendricks,"Another banana leaf curry. Different from yesterdayâ€™s, but still good. They also do a spicy biryani on Sundays so I got that as take away. #penang #Georgetown #malaysia #bananaleafcurrypic.twitter.com/AJNeIDmgPs",1,3,15,1.55E+12,1/12/2019 23:57,/niannelynn/status/1084358808606887936
1554328476-3168,https://twitter.com/search?l=&q=%23georgetown%20since%3A2019-01-01%20until%3A2019-04-03&src=typd&lang=en,@FanstandATX,FanstandATX,"Birthday S/O former #Georgetown DB Paul Saucedo ('18) #21, State 7v7/Area 5A Finals ('17), All District 19-5A selection, Fanstand Fam pic.twitter.com/xpnRSyi6LF",0,2,6,1.55E+12,3/29/2019 12:54,/FanstandATX/status/1111718393172934659
1554328476-3273,https://twitter.com/search?l=&q=%23georgetown%20since%3A2019-01-01%20until%3A2019-04-03&src=typd&lang=en,@Urena,Francisco Urena Â _Ÿ‡º_Ÿ‡¸,"Honored to chat with Mr. Robert Jeans of #Haverhill. At age 105, he was recognized as the oldest @BoyScout Master in the room. Dating back to the 5O's Robert has mentor many #Georgetown area scouts on their trail to #EagleScouts. @BoyScoutsBoston @BSABostonpic.twitter.com/7cEOjq8b36",1,3,18,1.55E+12,1/4/2019 20:44,/Urena/status/1081411067023101953
1554328476-3270,https://twitter.com/search?l=&q=%23georgetown%20since%3A2019-01-01%20until%3A2019-04-03&src=typd&lang=en,@DXContent,DraftExpressContent,"Shamorie Ponds with 37 PTS (11/21 FGâ€™s, 6/10 3FGâ€™s + 9/12 on FTâ€™s) to go w/ 5 ASTS, 3 REBS, 3 STLS + 2 TOâ€™s in a hard fought 97-94 @StJohnsBBall OT win at #Georgetown

The 6-1 + 20-year-old is the 35th prospect in our current top-100 rankings on @espn >> http://dx.im/100-DECÂ pic.twitter.com/qDjIWhCtbW",2,12,31,1.55E+12,1/5/2019 12:57,/DXContent/status/1081655953261584385
1554328476-3179,https://twitter.com/search?l=&q=%23georgetown%20since%3A2019-01-01%20until%3A2019-04-03&src=typd&lang=en,@tmj_skltrdjobs,TMJ-Skilled Trd Jobs,"See our latest #Georgetown, Demerara-Mahaica #SkilledTrade job opportunity and click the link in our bio to apply: FIELD Field Specialist CHC-Georgetown, Guyana at General Electric",0,0,0,1.55E+12,4/2/2019 13:09,/tmj_skltrdjobs/status/1113171597890805760
1554328476-3283,https://twitter.com/search?l=&q=%23georgetown%20since%3A2019-01-01%20until%3A2019-04-03&src=typd&lang=en,@SportsUpdatesFY,Sports Updates For You,"#NCAAB: FINAL â€” #Georgetown 84, #Butler 76.",0,1,4,1.55E+12,1/2/2019 18:03,/SportsUpdatesFY/status/1080645798772330499
1554328476-3204,https://twitter.com/search?l=&q=%23georgetown%20since%3A2019-01-01%20until%3A2019-04-03&src=typd&lang=en,@flowpetri,Petri Karjalainen,"This city never stops amazing with it's unpretending beauty.
#penang #georgetown pic.twitter.com/4aiIpBKQLF",0,0,2,1.55E+12,3/29/2019 21:52,/flowpetri/status/1111853572726022144
1554328476-3293,https://twitter.com/search?l=&q=%23georgetown%20since%3A2019-01-01%20until%3A2019-04-03&src=typd&lang=en,@KVUE,KVUE News,Williamson County officials seeking missing 86-year-old from #Georgetown http://bit.ly/2ArPuun,0,0,0,1.55E+12,1/1/2019 15:14,/KVUE/status/1080240895511924747
1554328476-3233,https://twitter.com/search?l=&q=%23georgetown%20since%3A2019-01-01%20until%3A2019-04-03&src=typd&lang=en,@laurenboyer,Lauren Boyer,"All of K Street west of Wisconsin in #Georgetown lined with cops, ambulances with a helicopter circling. Whatâ€™s going on?",5,5,6,1.55E+12,2/25/2019 16:44,/laurenboyer/status/1100194947200884736
1554328476-3203,https://twitter.com/search?l=&q=%23georgetown%20since%3A2019-01-01%20until%3A2019-04-03&src=typd&lang=en,@umairzia55,Umair Zia,@MAJORDC @ubiqlife Well..... #Yeezy #Georgetown pic.twitter.com/oDGJc0230W â€“ at MAJOR,0,0,1,1.55E+12,3/30/2019 7:40,/umairzia55/status/1112001710053117953
1554328476-3260,https://twitter.com/search?l=&q=%23georgetown%20since%3A2019-01-01%20until%3A2019-04-03&src=typd&lang=en,@TimBrando,Tim Brando,We are just minutes away from tip-off! Join @SteveLavin64 and me on @FS1 for #Georgetown at #Villanova 11am central. pic.twitter.com/j6UGCN7Is0,4,1,16,1.55E+12,2/3/2019 8:48,/TimBrando/status/1092102528626507776
1554328476-3228,https://twitter.com/search?l=&q=%23georgetown%20since%3A2019-01-01%20until%3A2019-04-03&src=typd&lang=en,@John_Fanta,John Fanta,This says everything you need to know about the job Patrick Ewing is doing at #Georgetown. Hoyas didnâ€™t let any part of the 32-point loss at DePaul carry into today. Big-time bounceback win to jump right back into serious bubble talk and go into MSG with momentum.,4,17,94,1.55E+12,3/9/2019 14:00,/John_Fanta/status/1104502294266216448
1554328476-3240,https://twitter.com/search?l=&q=%23georgetown%20since%3A2019-01-01%20until%3A2019-04-03&src=typd&lang=en,@RayWhite2,Ray White,"The ""Lady Karen"" slips through morning #fog from the Historic Seaport of #Georgetown SC.  Be safe and bring back something good to eat! @EdPiotrowski @StormHour @jamiearnoldWMBF @500px #Isaiah_54_10pic.twitter.com/XQUZ6LPTCg",1,7,31,1.55E+12,2/21/2019 8:34,/RayWhite2/status/1098622066696376320
1554328476-3222,https://twitter.com/search?l=&q=%23georgetown%20since%3A2019-01-01%20until%3A2019-04-03&src=typd&lang=en,@CC_Z28,Chris,Winston Cook @winstonc_music - Tattoos and Cigars on Reverbnation. http://www.reverbnation.com/open_graph/song/30351417?pwc%5Bbranded%5D=1Â â€_ Listen for free. @DavidDiehl20 @dorner_martina @markwinder8 @MariaBF1 #reverbnation #WinstonCook #Texas #indie #Georgetown pic.twitter.com/Vg6RKdtFLc,0,4,12,1.55E+12,3/14/2019 7:53,/CC_Z28/status/1106206744081022976
1554328476-3182,https://twitter.com/search?l=&q=%23georgetown%20since%3A2019-01-01%20until%3A2019-04-03&src=typd&lang=en,@enkiexpress,enkiexpress,"Urgent Dispatch/Printer troubleshooting- on site work for #happycustomer in #GEORGETOWN Today!

As a hands-on service provider, we take every measure to ensure our customers short-term andâ€_ https://www.instagram.com/p/BvufECxBoN_/?utm_source=ig_twitter_share&igshid=93s7wisydgm0Â â€_",0,0,0,1.55E+12,4/1/2019 13:28,/enkiexpress/status/1112813969184481280
1554328476-3265,https://twitter.com/search?l=&q=%23georgetown%20since%3A2019-01-01%20until%3A2019-04-03&src=typd&lang=en,@MattBowen41,Matt Bowen,Team captain. 3x State Champ. Great student. On to #Georgetown. Proud to coach @kgb_2001 at @iccpfootball.https://twitter.com/kgb_2001/status/1090645247984586754Â â€_,0,3,39,1.55E+12,1/30/2019 9:30,/MattBowen41/status/1090663638548037632
1554328476-3194,https://twitter.com/search?l=&q=%23georgetown%20since%3A2019-01-01%20until%3A2019-04-03&src=typd&lang=en,@KingTromendus,Tromendus,"live!! 
#NipseyHussleForever #NipseyHussel #next2rise #lindenboss #lindenbadman #Guyana #westindies #allin #georgetown #miami #florida #newyork #europe #africapic.twitter.com/8JFpBak2TN",0,0,0,1.55E+12,4/1/2019 20:15,/KingTromendus/status/1112916411318525952
1554328476-3221,https://twitter.com/search?l=&q=%23georgetown%20since%3A2019-01-01%20until%3A2019-04-03&src=typd&lang=en,@alexclewontin,Alex Lewontin,"BREAKING: URI told @GtownVoice that when they contacted the #Georgetown Athletic Director in July 2018, prior to Ernstâ€™s hiring, the GU AD provided a positive reference. GU says they became aware of misconduct by Ernst in Dec. 2017. From @mgachby:https://georgetownvoice.com/2019/03/14/georgetown-gave-positive-recommendation-for-former-tennis-coach-after-internal-investigation-revealed-misconduct/Â â€_",0,7,16,1.55E+12,3/14/2019 13:35,/alexclewontin/status/1106292787211833353
1554328476-3256,https://twitter.com/search?l=&q=%23georgetown%20since%3A2019-01-01%20until%3A2019-04-03&src=typd&lang=en,@jsadiq,Jahabar Sadiq,"The crack of dawn in George Town!

Birds fly in the morning sky as sunlight bathes the day in various hues of the rainbow.

#georgetown #sunrise #leica #leicaqp #leicaphotographypic.twitter.com/bknz7D8mYB",0,6,23,1.55E+12,2/5/2019 15:38,/jsadiq/status/1092930425779933184
1554328476-3239,https://twitter.com/search?l=&q=%23georgetown%20since%3A2019-01-01%20until%3A2019-04-03&src=typd&lang=en,@SportsAviation,Sports + Aviation,"Beautiful VIP ride for @GeorgetownHoops earlier into Omaha for Creighton
IAD  OMA
N737AT | B737
1-4 @ CU (Last Trip: 2018 | Win: 2015)
2:29
5:04pm ( | 32Âº)
986 Miles
https://bit.ly/2GXfwKgÂ 
 Peach Air | http://Flickr.comÂ 
#Hoyas #Georgetown #GoHoyas #BIGEASTpic.twitter.com/wK4u9JQtMI",3,4,12,1.55E+12,2/22/2019 16:18,/SportsAviation/status/1099101078916718592
1554328476-3223,https://twitter.com/search?l=&q=%23georgetown%20since%3A2019-01-01%20until%3A2019-04-03&src=typd&lang=en,@alexclewontin,Alex Lewontin,Tons of new updates about parents and a former tennis coach at #Georgetown implicated in today's #college #admissions bombshell. Read the coverage from me and @nickgavio for the @GtownVoice:https://georgetownvoice.com/2019/03/12/nationwide-college-admissions-scandal-implicates-former-tennis-coach-parents/Â â€_,0,4,11,1.55E+12,3/12/2019 14:46,/alexclewontin/status/1105585908911349762
1554328476-3208,https://twitter.com/search?l=&q=%23georgetown%20since%3A2019-01-01%20until%3A2019-04-03&src=typd&lang=en,@EmergDest,EmergingDestinations,"FEATURED ITINERARY from @discoverguyana: Sunrise Birding LLC - Birding & Wildlife Tours - GUYANA - October 18 - 31, 2019 https://buff.ly/2uszXr1Â  #Iwokrama #KaieteurFalls #Surama #NorthernRupununi #Georgetown #birding #sunrisebirding #DiscoverGuyana #Amazonbasinpic.twitter.com/uCMlnFuOPD",0,2,4,1.55E+12,3/27/2019 12:30,/EmergDest/status/1110987380335489025
1554328476-3255,https://twitter.com/search?l=&q=%23georgetown%20since%3A2019-01-01%20until%3A2019-04-03&src=typd&lang=en,@KVUE,KVUE News,PLEASE #RETWEET: #Georgetown police seeking missing man with cognitive impairment http://bit.ly/2TDIdiY,0,14,5,1.55E+12,2/6/2019 4:13,/KVUE/status/1093120558479355904
1554328476-3297,https://twitter.com/search?l=&q=%23georgetown%20since%3A2019-01-01%20until%3A2019-04-03&src=typd&lang=en,@RiRaGeorgetown,RÃ_ RÃ¡ Georgetown,We think 2019 made you smarter......Come test the new year smarts out the right way with Tuesday Trivia tonight at 8:30 pm! #testyoursmartness #areyoustillagenius #triviatuesday #irishpub #publife #mstreet #georgetown pic.twitter.com/HzhMchWw9e,0,0,1,1.55E+12,1/1/2019 9:20,/RiRaGeorgetown/status/1080151676982620166
1554328476-3276,https://twitter.com/search?l=&q=%23georgetown%20since%3A2019-01-01%20until%3A2019-04-03&src=typd&lang=en,@sweethearts1776,Sweethearts&Patriots,Excited to share a fabulous event in support of #sweetheartsandpatriots2019. Shop @LillyPulitzer in Georgetown on Monday 1/21 from 12-4pm (in store or by phone) and 10% of store sales will be donated to the Gala beneficiaries @davhq and @TerreFraternite. #resort2019 #georgetown pic.twitter.com/elV0PLdtwf,0,6,12,1.55E+12,1/4/2019 5:48,/sweethearts1776/status/1081185581521088512
1554328476-3202,https://twitter.com/search?l=&q=%23georgetown%20since%3A2019-01-01%20until%3A2019-04-03&src=typd&lang=en,@DiTLevine,Dr Diane T Levine,"Single disciplines canâ€™t address the challenges of mental health and wellbeing in prisons alone. More than ever, weâ€™re going to have to work together. @leicsias @sysgak #Georgetown #interdisciplinaritypic.twitter.com/4SM38ixj4v",0,0,9,1.55E+12,3/30/2019 10:34,/DiTLevine/status/1112045380416475137
1554328476-3177,https://twitter.com/search?l=&q=%23georgetown%20since%3A2019-01-01%20until%3A2019-04-03&src=typd&lang=en,@chrisgb002000,Chris Bennett (CB),Shaka should've taken the #Georgetown job last year https://twitter.com/clarencehilljr/status/1112873469971185665Â â€_,1,0,3,1.55E+12,4/1/2019 18:10,/chrisgb002000/status/1112884956110446593
1554328476-3258,https://twitter.com/search?l=&q=%23georgetown%20since%3A2019-01-01%20until%3A2019-04-03&src=typd&lang=en,@bettinahansen,Bettina Hansen,A few  photos from #Georgetown in south #Seattle - comprehensive coverage of #seattlesnow here https://www.seattletimes.com/seattle-news/weather/winter-weather-returns-bringing-snow-south-through-region-sunday/Â â€_ #wawxpic.twitter.com/B7BnSDMTR8,1,7,48,1.55E+12,2/4/2019 13:56,/bettinahansen/status/1092542329452261376
1554328476-3294,https://twitter.com/search?l=&q=%23georgetown%20since%3A2019-01-01%20until%3A2019-04-03&src=typd&lang=en,@HelpingLostPets,Helping Lost Pets,"#cats LOST #Georgetown ON,CA, Domestic Long Hair, Aug.16/17, http://www.helpinglostpets.com/petdetail/?id=1888196Â â€_",0,2,0,1.55E+12,1/1/2019 14:20,/HelpingLostPets/status/1080227387080691715
1554328476-3234,https://twitter.com/search?l=&q=%23georgetown%20since%3A2019-01-01%20until%3A2019-04-03&src=typd&lang=en,@DrinkBODYARMOR,BODYARMOR,".@MikeTrout & Andrew Luck wouldnâ€™t do something outdated like a Disco Battleâ€_ so why would they drink an outdated sports drink? Thanks @Gatorade, weâ€™ll take it from here. #ObsessedWithBetterpic.twitter.com/BG2vHDLEdV",188,1.4K,4.9K,1.55E+12,3/27/2019 6:12,/DrinkBODYARMOR/status/1110892350514098176
1554328476-3173,https://twitter.com/search?l=&q=%23georgetown%20since%3A2019-01-01%20until%3A2019-04-03&src=typd&lang=en,@DCamche,Dylan Camche,Finally got that shooting contest money. Wouldâ€™ve sacrificed it for the #georgetown win though. Thanks @SoFipic.twitter.com/ygaGBPwhcY,0,0,3,1.55E+12,3/30/2019 14:52,/DCamche/status/1112110309249089538
1554328476-3191,https://twitter.com/search?l=&q=%23georgetown%20since%3A2019-01-01%20until%3A2019-04-03&src=typd&lang=en,@SqueakySays,Squeaky,@WindyWilson88 a tad sweaty in #Georgetown #Malaysiapic.twitter.com/Qppo9p7MUq,0,1,3,1.55E+12,4/2/2019 2:02,/SqueakySays/status/1113003720617320448
1554328476-3282,https://twitter.com/search?l=&q=%23georgetown%20since%3A2019-01-01%20until%3A2019-04-03&src=typd&lang=en,@butlercollegian,Butler Collegian,"#Butler dropped its second straight game, with the #Georgetown loss forcing an 0-1 start to #BigEast play.

Here are three takeaways from the home loss.https://thebutlercollegian.com/?p=37054",0,1,2,1.55E+12,1/2/2019 18:20,/butlercollegian/status/1080650158449348610
1554328476-3206,https://twitter.com/search?l=&q=%23georgetown%20since%3A2019-01-01%20until%3A2019-04-03&src=typd&lang=en,@roamingrooster1,roamingrooster,"#bigbrolove
Oh and truck locations for today are 
.
#PatriotsPlaza (333 E st. SW)
#UnionStation (2nd Mass Ave.)
#Georgetown (Thomas Jeff and K st) pic.twitter.com/wkazicylBM",0,0,3,1.55E+12,3/29/2019 8:06,/roamingrooster1/status/1111645865175863296
1554328476-3174,https://twitter.com/search?l=&q=%23georgetown%20since%3A2019-01-01%20until%3A2019-04-03&src=typd&lang=en,@noblebat,Carrie Anne Noble,"When youâ€™re on a weekend getaway, a cherry cupcake makes a perfect breakfast. 
#georgetown #sprinklescupcakes #cupcake #writerslife @sprinkles @ Sprinkles Georgetown https://www.instagram.com/carrieannenoble7/p/BvxI0Ckg4AR/?utm_source=ig_twitter_share&igshid=zc3nbmc52zlzÂ â€_",0,0,2,1.55E+12,4/2/2019 14:12,/noblebat/status/1113187437436657665
1554328476-3252,https://twitter.com/search?l=&q=%23georgetown%20since%3A2019-01-01%20until%3A2019-04-03&src=typd&lang=en,@PDFStreaming,PDF Streaming,#Ripple Teams With 10 New Universities for #Blockchain Research Initiative http://ow.ly/mWbL30nCfxsÂ  #UBRI #Fintech #Tech #Education #Beijing #China #CarnegieMellon #Cornell #Duke #Georgetown #MorganState #Kansas #Michigan and Northeaster universities in the #US,0,61,79,1.55E+12,2/7/2019 7:15,/PDFStreaming/status/1093528610437246976
1554328476-3232,https://twitter.com/search?l=&q=%23georgetown%20since%3A2019-01-01%20until%3A2019-04-03&src=typd&lang=en,@CommonwealthRow,Commonwealth Row,Social; Good morning #Guyana. Want to see Richard finish his mammoth solo #row from #SierraLeone West #Africa? Come to the #beach at #Georgetown around 1700 today and cheer him on. Less than 20 miles to go of more than 3000!  pic.twitter.com/2sXo7wQLLU,0,5,18,1.55E+12,2/27/2019 4:47,/CommonwealthRow/status/1100739166567088130
1554328476-3257,https://twitter.com/search?l=&q=%23georgetown%20since%3A2019-01-01%20until%3A2019-04-03&src=typd&lang=en,@SportsAviation,Sports + Aviation,".@GeorgetownHoops on the way to Providence
IAD  PVD
SWQ778 | N806TJ | B734
13-18 @ PC (Last Trip: 2018 | Win: 2012)
0:54
4:24pm ( | 63Âº)
372 Miles
https://bit.ly/2Gq9RMzÂ 
 Evan Dougherty | http://JetPhotos.comÂ 
#Georgetown #Hoyas #GoHoyas #BIGEAST #BIGEASThoopspic.twitter.com/fRlObo31sR",0,2,12,1.55E+12,2/5/2019 13:10,/SportsAviation/status/1092893148194529281
1554328476-3235,https://twitter.com/search?l=&q=%23georgetown%20since%3A2019-01-01%20until%3A2019-04-03&src=typd&lang=en,@NYPost_Brazille,Zach Braziller,"ZACH TO SCHOOL: The skeptics have gone quiet. Patrick Ewing is proving he was the right choice at @GeorgetownHoops. This season, and the Hoyas' bright future, is proof: https://nypost.com/2019/02/25/patrick-ewing-is-proving-the-georgetown-skeptics-wrong/Â â€_ #hoyasaxa #georgetown",4,19,60,1.55E+12,2/25/2019 9:43,/NYPost_Brazille/status/1100089021894721537
1554328476-3224,https://twitter.com/search?l=&q=%23georgetown%20since%3A2019-01-01%20until%3A2019-04-03&src=typd&lang=en,@cassandra17lina,cassandracarolina,"#Yale, #Georgetown, #Stanford and other schools too
Admissions are tough, so what do rich folks do?
They just cheat the systems - a total disgrace
To hardworking kids who their kids would displacepic.twitter.com/1TIvXNonpj",0,4,6,1.55E+12,3/12/2019 9:45,/cassandra17lina/status/1105510090021457926
1554328476-3237,https://twitter.com/search?l=&q=%23georgetown%20since%3A2019-01-01%20until%3A2019-04-03&src=typd&lang=en,@SportsAviation,Sports + Aviation,"Blizzard conditions in Nebraska kept @BoilerBall and @GeorgetownHoops in the state an extra night. Both teams heading home in the next couple hours:
Purdue: https://bit.ly/2IxAcL3Â 
Georgetown: https://bit.ly/2IwQqUQÂ 
#BoilerUp #Purdue #Georgetown #Hoyas #GoHoyaspic.twitter.com/GyheDTKZxs",0,4,6,1.55E+12,2/24/2019 8:07,/SportsAviation/status/1099702294247923712
1554328476-3284,https://twitter.com/search?l=&q=%23georgetown%20since%3A2019-01-01%20until%3A2019-04-03&src=typd&lang=en,@GeorgetownHoops,Georgetown Hoops,Malinowski is on  from downtown tonight! #golegend  MASN2/FSN #georgetown x Butler pic.twitter.com/V7jSlCmb9V,0,6,28,1.55E+12,1/2/2019 16:32,/GeorgetownHoops/status/1080622821104070656
1554328476-3216,https://twitter.com/search?l=&q=%23georgetown%20since%3A2019-01-01%20until%3A2019-04-03&src=typd&lang=en,@lt_gray,WilCo Lt. Grayson Kennedy,Yes!! So awesome! An incredible organization in #Georgetown! We will be participating in a charity golf tournament April 8th at @Cimarron_Hills! @crosbykicks2 @TheLocker_gtown @SheriffChody @GeorgetownISD #KidsHelpingKids #K9sOn9 @technoqueenmomhttps://twitter.com/TheLocker_gtown/status/955629335402242048Â â€_,5,12,109,1.55E+12,3/18/2019 14:02,/lt_gray/status/1107749149469040640
1554328476-3287,https://twitter.com/search?l=&q=%23georgetown%20since%3A2019-01-01%20until%3A2019-04-03&src=typd&lang=en,@GeorgetownHoops,Georgetown Hoops,"G A M E D A Y
#Georgetown x Butler
: 7:00 PM ET
: MASN2/FSN
: TheTeam 980
#hoyasaxa #wearegeorgetownpic.twitter.com/U5LbW6lDNa",2,14,47,1.55E+12,1/2/2019 7:56,/GeorgetownHoops/status/1080493034511519745
1554328476-3229,https://twitter.com/search?l=&q=%23georgetown%20since%3A2019-01-01%20until%3A2019-04-03&src=typd&lang=en,@Littledragonco1,Littledragoncorp,"Do you love dice? I love dice!!

Anyone local in the GTA I will personally come deliver your dice that you order from our Kickstarter! 

http://www.kickstarter.com/projects/littledragoncorp/hidden-gem-diceÂ â€_

#dice #ttrpg #rpg #dnd #dnd5e #polyset #brampton #mississauga #toronto #caledon #georgetown pic.twitter.com/GJYrulqRUF",1,3,15,1.55E+12,3/7/2019 11:33,/Littledragonco1/status/1103740473632538627
1554328476-3231,https://twitter.com/search?l=&q=%23georgetown%20since%3A2019-01-01%20until%3A2019-04-03&src=typd&lang=en,@drkastout,Dr. Karen Stout,On my walk tonight I discovered this cat cafe experience!  The cafe proceeds help care for the cats until they are adopted. You need an advance booking to get in. âÅ_@Crumbs_WhiskersâÅ© #Georgetown pic.twitter.com/8kSNSCjDjU,0,4,9,1.55E+12,2/28/2019 16:11,/drkastout/status/1101273606628229120
1554328476-3214,https://twitter.com/search?l=&q=%23georgetown%20since%3A2019-01-01%20until%3A2019-04-03&src=typd&lang=en,@IFP_11,theIFP.ca,"Georgetown family raising awareness of Tourette syndrome: https://bit.ly/2ThJ3ADÂ 
#haltonhills #georgetown @TouretteCanada #trekfortourettepic.twitter.com/LRt66mkhtX",0,14,21,1.55E+12,3/19/2019 14:43,/IFP_11/status/1108121777685909506
1554328476-3193,https://twitter.com/search?l=&q=%23georgetown%20since%3A2019-01-01%20until%3A2019-04-03&src=typd&lang=en,@HarlemRoots1658,Harlem Roots,"4/2/1984: #Georgetown coach, John Thompson becomes the first African-American coach to win the NCAA basketball tournament. #onthisday #otd #JohnThompson #NCAA #basketballpic.twitter.com/jmbT16N2Jd",0,0,0,1.55E+12,4/2/2019 0:03,/HarlemRoots1658/status/1112973695696416770
1554328476-3238,https://twitter.com/search?l=&q=%23georgetown%20since%3A2019-01-01%20until%3A2019-04-03&src=typd&lang=en,@CommonwealthRow,Commonwealth Row,UPDATE. Sierra Leone- Departed; Atlantic Ocean - Crossed; Brazil - Passed; French Guyana -  Navigated; leaving just Suriname to pass which is steadily making its way passed my port side. Then just the #Guyana coastline all the way in to #Georgetown pic.twitter.com/re5wonybsh,1,5,17,1.55E+12,2/23/2019 12:39,/CommonwealthRow/status/1099408454521942017
1554328476-3281,https://twitter.com/search?l=&q=%23georgetown%20since%3A2019-01-01%20until%3A2019-04-03&src=typd&lang=en,@georgetownmain,Georgetown Main St,We're excited for some new eats in #Georgetown! https://twitter.com/DCist/status/1080530075899056129Â â€_,0,1,4,1.55E+12,1/3/2019 7:28,/georgetownmain/status/1080848335588732934
1554328476-3247,https://twitter.com/search?l=&q=%23georgetown%20since%3A2019-01-01%20until%3A2019-04-03&src=typd&lang=en,@shnsports,SHN Sports,"Girls Area Round Playoff Basketball FRIDAY

#Georgetown vs #MagnoliaWest

LIVE AUDIO 7pm
 http://www.shnsports.com/scoreboard/girls-high-school-basketball-georgetown-eagles-vs-magnolia-west-mustangs-2-15-2019-650pm-pregame-700pm-tipoff/Â â€_

@robhipp on the call

@CoachFarney @GeorgetownISD @MWHS_GBB @westmustangs @FanstandATX @ghsbluecrew18 @hoopinsider @GeorgetownHS #txhshoopspic.twitter.com/fqnwlaIXL9",0,14,16,1.55E+12,2/14/2019 20:24,/shnsports/status/1096264067105411072
1554328476-3299,https://twitter.com/search?l=&q=%23georgetown%20since%3A2019-01-01%20until%3A2019-04-03&src=typd&lang=en,@PMGcare,Paula Mitchell Group,Transformation Tuesday | Check out this stunning before and after of this bedroom staged by Bluelace Home & Design. #PMGCare #royallepage #paulamitchellgroup #home #decor #design #homesforsale #Brampton #Georgetown #Caledon #dreamhome #transformationtuesday #bluelacehomeanddesignpic.twitter.com/ubc4MMwjhr,0,0,1,1.55E+12,1/1/2019 8:45,/PMGcare/status/1080142882445709323
1554328476-3209,https://twitter.com/search?l=&q=%23georgetown%20since%3A2019-01-01%20until%3A2019-04-03&src=typd&lang=en,@mikesandbrink,Mike Sandbrink,Love that 1998 @GCTigersHoops team! #georgetown #Tigerspic.twitter.com/LHRCLFfEbK,0,0,2,1.55E+12,3/26/2019 18:30,/mikesandbrink/status/1110715686526115841
1554328476-3171,https://twitter.com/search?l=&q=%23georgetown%20since%3A2019-01-01%20until%3A2019-04-03&src=typd&lang=en,@Oreo,Oreo Cookie,The most epic cookies of all time are here. Click to watch the full video. #GameOfCookies #ForTheThrone,28,152,660,1.55E+12,4/2/2019 7:27,/Oreo/status/1113085571767943170
1554328476-3263,https://twitter.com/search?l=&q=%23georgetown%20since%3A2019-01-01%20until%3A2019-04-03&src=typd&lang=en,@gary_haston,Wilcogman,We are going to make the #WilcoLivePDwatchParty great for more than 200 fans @citylights I. #GEORGETOWN tomorrow night! @BomerKelli @gmarc1232 and many others will be there to make your night awesome! #Biggest1Yet for @LivePDNation @LivePdFans @LivePDPunshttps://twitter.com/SheriffChody/status/1091016879525765121Â â€_,0,3,32,1.55E+12,1/31/2019 9:02,/gary_haston/status/1091019018537000960
1554328476-3170,https://twitter.com/search?l=&q=%23georgetown%20since%3A2019-01-01%20until%3A2019-04-03&src=typd&lang=en,@Justin_Tri5,NeedToKnow?,Just saw a @dcfireems dude smoking something good while sitting in an ambulance in #Georgetown down on K street. Clearly Iâ€™m in the wrong line of work.,0,0,1,1.55E+12,4/2/2019 14:17,/Justin_Tri5/status/1113188724551114753
1554328476-3218,https://twitter.com/search?l=&q=%23georgetown%20since%3A2019-01-01%20until%3A2019-04-03&src=typd&lang=en,@FanstandATX,FanstandATX,"Birthday S/O #Georgetown RB Chris Martinez ('19) #31, Regional 5A Finals/State 7v7 ('18) pic.twitter.com/pSvtxdXB10",1,4,26,1.55E+12,3/15/2019 10:41,/FanstandATX/status/1106611459675639808
1554328476-3253,https://twitter.com/search?l=&q=%23georgetown%20since%3A2019-01-01%20until%3A2019-04-03&src=typd&lang=en,@KRGVSports,KRGV Sports,"Mission Veterans QB Landry Gilpin signs to play at Southwestern University in Georgetown, TX. 

Congrats Landry! 

(via @MVetsFootball)

#KRGV #RGV #txhsfb #Georgetown #NSD19pic.twitter.com/WXrOlHhsjY",1,17,132,1.55E+12,2/6/2019 19:05,/KRGVSports/status/1093345005593378816
1554328476-3211,https://twitter.com/search?l=&q=%23georgetown%20since%3A2019-01-01%20until%3A2019-04-03&src=typd&lang=en,@wordswithdes22,juris des,"It's been a hell of a journey, but I'm 35 days away from my last class ever. Black lawyer bae with the box braids because I'm authentically me. So grateful that I have my post-grad job lined up doing work I care about! #blacklawyers #jdloading #lawyerbae #georgetown #classof2019pic.twitter.com/2bw2FZuAxk",8,0,27,1.55E+12,3/21/2019 16:00,/wordswithdes22/status/1108866047019544581
1554328476-3189,https://twitter.com/search?l=&q=%23georgetown%20since%3A2019-01-01%20until%3A2019-04-03&src=typd&lang=en,@jdkelleher,J D Kelleher Photography,"This morning's sunrise, from Seattle's Georgetown neighborhood. It's going to be a beautiful day!
.
.
.
.
#beautiful #spring #sunrise #georgetown #seattle #wa #washington #washingtonstate #pnw #upperleftusa #optoutside #cascadia #cascadiaexplored #cascade https://ift.tt/2FRTqb0Â pic.twitter.com/TOB8Ntk8y3",0,1,2,1.55E+12,4/2/2019 7:59,/jdkelleher/status/1113093716758204418
1554328476-3248,https://twitter.com/search?l=&q=%23georgetown%20since%3A2019-01-01%20until%3A2019-04-03&src=typd&lang=en,@ISAACforTexas,Fmr. Rep. Jason Isaac,"Enjoyed speaking with @Dateline_DC about the #GreenNewDeal. I did misspeak about Germanyâ€™s electric costs: theyâ€™ve only increased 50% since plans to go renewable, are 3 times the #US rates. Officials in #Georgetown TX didnâ€™t learn from that mistake. #LifePoweredhttps://twitter.com/Dateline_DC/status/1095550268014559232Â â€_",0,4,5,1.55E+12,2/13/2019 17:55,/ISAACforTexas/status/1095864175157481474
1554328476-3289,https://twitter.com/search?l=&q=%23georgetown%20since%3A2019-01-01%20until%3A2019-04-03&src=typd&lang=en,@KXAN_News,KXAN News,FOUND: 86-year-old #Georgetown woman found safe https://www.kxan.com/news/local/williamson-county/williamson-county-sheriff-s-office-searching-for-86-year-old-woman/1682624332Â â€_,0,0,18,1.55E+12,1/1/2019 18:06,/KXAN_News/status/1080284216087232512
1554328476-3236,https://twitter.com/search?l=&q=%23georgetown%20since%3A2019-01-01%20until%3A2019-04-03&src=typd&lang=en,@alton_benes,Alton Benes,Tobacco Barn #Georgetown #Kentucky by Linda Butler.pic.twitter.com/3YoCZ9nXdM,0,3,11,1.55E+12,2/24/2019 13:51,/alton_benes/status/1099788926003433472
1554328476-3292,https://twitter.com/search?l=&q=%23georgetown%20since%3A2019-01-01%20until%3A2019-04-03&src=typd&lang=en,@gcAcroTumb,Georgetown Acro/Tumb,"Itâ€™s our time to shine! Excited to get back to campus, train hard, have fun & SHINE in 2019!#newyear #2019 #timetoshine #onthemove #georgetown #trainhard #havefun #acro #tumbling #tigerpridepic.twitter.com/k3o7Ji7rT6",0,0,8,1.55E+12,1/1/2019 15:21,/gcAcroTumb/status/1080242736685551617
1554328476-3183,https://twitter.com/search?l=&q=%23georgetown%20since%3A2019-01-01%20until%3A2019-04-03&src=typd&lang=en,@tmj_scm_health,TMJ-SCM Health Jobs,"This job is now open at CVS Health in #Georgetown, SC. Follow us and turn on mobile alerts to hear about jobs like these as soon as they're posted: Pharmacy Manager #Pharmacist",0,0,0,1.55E+12,4/2/2019 12:20,/tmj_scm_health/status/1113159247284514816
1554328476-3210,https://twitter.com/search?l=&q=%23georgetown%20since%3A2019-01-01%20until%3A2019-04-03&src=typd&lang=en,@sidtaylor_26,Sid Taylor.,It's Friday and it's nearly #beeroclock #Georgetown #malaysia#Taylorstravels #skybarpic.twitter.com/1e16cmXpwf,3,2,17,1.55E+12,3/22/2019 1:01,/sidtaylor_26/status/1109002142688251904
1554328476-3220,https://twitter.com/search?l=&q=%23georgetown%20since%3A2019-01-01%20until%3A2019-04-03&src=typd&lang=en,@barrytolli,barry tolli,"50 people have been arrested in a college admission scandal that allegedly involves #USC #yale #Stanford #Georgetown and others. Here is a segment from the latest @THEHermanCain show. If it's true, they need to be jailed. Everything should be a meritocracy, not about $ or name.pic.twitter.com/NS34ujWSc4",1,9,17,1.55E+12,3/14/2019 19:20,/barrytolli/status/1106379705056280578
1554328476-3207,https://twitter.com/search?l=&q=%23georgetown%20since%3A2019-01-01%20until%3A2019-04-03&src=typd&lang=en,@PenguinSix,Andrew Leyden,Flowering #dogwoodtree on the campus of #Georgetown (I think thatâ€™s the tree). pic.twitter.com/DvhiSUgk8Y,0,2,7,1.55E+12,3/28/2019 12:18,/PenguinSix/status/1111346767268888577
1554328476-3295,https://twitter.com/search?l=&q=%23georgetown%20since%3A2019-01-01%20until%3A2019-04-03&src=typd&lang=en,@PlugInToPresent,Plug In To The Present,"The future of driving is here. Itâ€™s not flying cars, but itâ€™s a pretty close second. #Plugintothepresent",133,129,623,1.55E+12,2/7/2019 9:04,/PlugInToPresent/status/1093555991269044224
1554328476-3251,https://twitter.com/search?l=&q=%23georgetown%20since%3A2019-01-01%20until%3A2019-04-03&src=typd&lang=en,@kytastebuds,KyTasteBuds,Celebrating #nationalpizzaday like pros at My Old Ky Foam! @rollingoven pizza is the bomb! #pizza #pizzeria #pizzapie #georgetown #georgetownkypic.twitter.com/dQvdmDWNQM,11,5,50,1.55E+12,2/9/2019 8:59,/kytastebuds/status/1094279580741963776
1554328476-3185,https://twitter.com/search?l=&q=%23georgetown%20since%3A2019-01-01%20until%3A2019-04-03&src=typd&lang=en,@HomeAndDesign,HOME&DESIGN Magazine,Interested in #Georgetown's history? Tour its oldest homes @ the 88th annual @GtownHouseTour April 27th â€“ The Georgetown House Tour is an historic event organized by St. John's Episcopal Church. It will feature 8-10 of Georgetown's most beautiful homes & their impressive gardens.pic.twitter.com/SQUVg7tsbH,0,1,4,1.55E+12,3/29/2019 8:36,/HomeAndDesign/status/1111653331255083008
1554328476-3227,https://twitter.com/search?l=&q=%23georgetown%20since%3A2019-01-01%20until%3A2019-04-03&src=typd&lang=en,@Jenn_Thompson,jennthompson2811,".@amzarhafizi's MEGAHIT MEMORY TOUR
#PENANG SATURDAY March16 0930pm HinBusDepot #GeorgeTown 
supporting acts #Asang #Kingston
#JOHOR SATURDAY March23, 2019 0930pm 11F #JB
supporting acts #Kingston @supershelhiel #HaziqHazepic.twitter.com/ostEOXpXMW",0,9,7,1.55E+12,3/10/2019 7:51,/Jenn_Thompson/status/1104756581470597121
1554328476-3230,https://twitter.com/search?l=&q=%23georgetown%20since%3A2019-01-01%20until%3A2019-04-03&src=typd&lang=en,@GeraldJonesLAB,Gerald Jones MP Â _Ÿ‡¬_Ÿ‡§Â _Ÿè´ó Å§ó Å¢ó Å·ó Å¬ó Å_ó Å¿,Good session out on the #LabourDoorstep in #Georgetown this morning with @Dawn_Bowden Cllr Clive Jones and @MTR_LabourParty colleagues talking with local residents.pic.twitter.com/AzU0YjnuVd,1,5,11,1.55E+12,3/2/2019 5:08,/GeraldJonesLAB/status/1101831673858215936
1554328476-3309,https://twitter.com/search?l=&q=%23georgetown%20since%3A2019-01-01%20until%3A2019-04-03&src=typd&lang=en,@SadewaReza,Reza Sadewa,"#morningview #georgetown #happynewyear2019 @ George Town, Malaysia https://www.instagram.com/p/BsEjztzgF_V8RqnnM0rVdma3tyDZVvNe_V8CEs0/?utm_source=ig_twitter_share&igshid=1r1youln3a0qÂ â€_",0,0,1,1.55E+12,12/31/2018 16:07,/SadewaReza/status/1079891839476326402
1554328476-3205,https://twitter.com/search?l=&q=%23georgetown%20since%3A2019-01-01%20until%3A2019-04-03&src=typd&lang=en,@IFP_11,theIFP.ca,"Lambertsâ€™ light display raises over $7K for Georgetown hospital: https://bit.ly/2HNziZWÂ 
#georgetown #haltonhills @GHospFoundationpic.twitter.com/w1AF4Zdrf5",0,1,5,1.55E+12,3/29/2019 14:12,/IFP_11/status/1111737995214901248
1554328476-3279,https://twitter.com/search?l=&q=%23georgetown%20since%3A2019-01-01%20until%3A2019-04-03&src=typd&lang=en,@RecruitLouisian,Recruit Louisiana,"2019 QB 6'1"" 190 Martin Butcher @martinbutcher12  Newman High School has received an offer from #Georgetown #GoHoyas
Hudl: https://www.hudl.com/profile/5296165/Martin-Butcher/videosÂ â€_https://twitter.com/martinbutcher12/status/1080878109677752323Â â€_",0,3,3,1.55E+12,1/3/2019 11:46,/RecruitLouisian/status/1080913328581545984
1554328476-3172,https://twitter.com/search?l=&q=%23georgetown%20since%3A2019-01-01%20until%3A2019-04-03&src=typd&lang=en,@MissJuliaDeans,Julia Deans,"Locations: St Tropez, London, Dubai, Miami, NYC, Paris Barcelona, Beirut & Cape Town. #Georgetown  ...  more unique experiences:",0,0,0,1.55E+12,4/1/2019 20:02,/MissJuliaDeans/status/1112913172619460608
1554328476-3225,https://twitter.com/search?l=&q=%23georgetown%20since%3A2019-01-01%20until%3A2019-04-03&src=typd&lang=en,@Ltpietrzak,Lukas Pietrzak,So...guess Hoos going to be a Hoya next year! #Georgetown #MPPpic.twitter.com/7guog3GqEc â€“ at Georgetown University,3,4,148,1.55E+12,3/11/2019 14:52,/Ltpietrzak/status/1105224930810122246
1554328476-3250,https://twitter.com/search?l=&q=%23georgetown%20since%3A2019-01-01%20until%3A2019-04-03&src=typd&lang=en,@wanderlustmag,Wanderlust magazine,"Just some friendly manatees being fed, thatâ€™s all... Sunday morning in National Park, #Georgetown, #Guyana #DiscoverGuyana #manatees #wanderlustoutofoffice #wanderlustonassignment #CoxandKingsUK @discoverguyana @coxandkingsUK @Wanderlust_Lyn @WildCoastGuyana @We_Are_Lotuspic.twitter.com/GK7xA6wAwO",1,11,22,1.55E+12,2/10/2019 9:13,/wanderlustmag/status/1094645424131055616
1554328476-3259,https://twitter.com/search?l=&q=%23georgetown%20since%3A2019-01-01%20until%3A2019-04-03&src=typd&lang=en,@FanstandATX,FanstandATX,"#Georgetown Eagles Hoops Mixtape [2.1.19] featuring Jonny Neitsch ('19), Spencer Coats ('20), Hunter Krivokucha ('19), Kade Locklin ('21) & more @GTEaglesBBall #TXHSHOOPShttp://www.fanstandatx.com/2019/02/georgetown-eagles-hoops-mixtape-district-18-5a-vs-hutto-2-1-fanstand-19/Â â€_",0,5,13,1.55E+12,2/3/2019 9:44,/FanstandATX/status/1092116676789919745
1554328476-3215,https://twitter.com/search?l=&q=%23georgetown%20since%3A2019-01-01%20until%3A2019-04-03&src=typd&lang=en,@FanstandATX,FanstandATX,"Birthday S/O #Georgetown ATH Garrett Manns ('19) #19, Regional Finals ('18), Fanstand Fam pic.twitter.com/UemTUtUrmw",0,5,9,1.55E+12,3/19/2019 6:44,/FanstandATX/status/1108001298585174018
1554328476-3217,https://twitter.com/search?l=&q=%23georgetown%20since%3A2019-01-01%20until%3A2019-04-03&src=typd&lang=en,@jsadiq,Jahabar Sadiq,"Fly. Sail. Travel. See the world.
#penang #georgetown #sunrise #olympus #em1x #m43pic.twitter.com/DCvB54P4Hz",1,2,15,1.55E+12,3/17/2019 18:11,/jsadiq/status/1107449494264668160
1554328476-3308,https://twitter.com/search?l=&q=%23georgetown%20since%3A2019-01-01%20until%3A2019-04-03&src=typd&lang=en,@Over9x6,Who is John Galt?,"At a bar in Georgetown, and itâ€™s starting to become stuffy. My driver I hired for the evening should be here to whisk me away soon to dinner. #washingtondc #georgetown",0,0,4,1.55E+12,12/31/2018 17:06,/Over9x6/status/1079906620157685760
1554328476-3302,https://twitter.com/search?l=&q=%23georgetown%20since%3A2019-01-01%20until%3A2019-04-03&src=typd&lang=en,@TonyaBisante,Tonya Bisante,"Happy New Year from the Paula Mitchell Group! We hope everyone has a healthy and prosperous year ahead.
#PMGCare #royallepage #paulamitchellgroup #home #house #decor #design #homesforsale #Brampton #Georgetown #Caledon #realtor #realestate #newyear #2019pic.twitter.com/Hp2UrGJBIl",0,0,2,1.55E+12,1/1/2019 4:45,/TonyaBisante/status/1080082488817602561
1554328476-3288,https://twitter.com/search?l=&q=%23georgetown%20since%3A2019-01-01%20until%3A2019-04-03&src=typd&lang=en,@DrAudreyT,Dr Audrey Tang,Getting acrobatic at the #upsidedownmuseum #Georgetown. #illusion #tourism #unusualthingstodo @TourismMalaysia @DaveJSandersonpic.twitter.com/eR23Rs7G4v,1,0,5,1.55E+12,1/2/2019 0:44,/DrAudreyT/status/1080384307993169920
1554328476-3278,https://twitter.com/search?l=&q=%23georgetown%20since%3A2019-01-01%20until%3A2019-04-03&src=typd&lang=en,@FanstandATX,FanstandATX,"Birthday S/O #Georgetown DB/P Elijah Clough ('19) #16, Area Finals ('17), State 7v7/Regional 5A Semfinals ('18), All District 11-5A selection, Fanstand Fam pic.twitter.com/3zz6KBUG2x",0,3,10,1.55E+12,1/3/2019 15:50,/FanstandATX/status/1080974674446766081
1554328476-3305,https://twitter.com/search?l=&q=%23georgetown%20since%3A2019-01-01%20until%3A2019-04-03&src=typd&lang=en,@1lapofthetrack,Wondering About,"Lunchtime. We love the Far East and a cold beer in the searing midday heat on 1 Jan is as good a reason as any. .
#fareast #beer #sunshine #coldbeer #malaysia #penang #georgetown #heat #newyearsday #travel #wonderingabout http://bit.ly/2VlrgLqÂ pic.twitter.com/PAgHkN2iHd",1,0,1,1.55E+12,12/31/2018 23:13,/1lapofthetrack/status/1079999097443102725
1554328476-3184,https://twitter.com/search?l=&q=%23georgetown%20since%3A2019-01-01%20until%3A2019-04-03&src=typd&lang=en,@florenceisbae,Ø§Ø±Ù…,Street art #georgetown #Malaysiapic.twitter.com/gwTz261vcM,1,3,8,1.55E+12,3/31/2019 11:26,/florenceisbae/status/1112420911800557570
1554328476-3242,https://twitter.com/search?l=&q=%23georgetown%20since%3A2019-01-01%20until%3A2019-04-03&src=typd&lang=en,@ABC7Sports,ABC 7 Sports,#Georgetown upsets No. 17 #Villanova to give Patrick Ewing his first win over a ranked team #Hoyas https://wjla.com/sports/college-basketball/georgetown-upsets-no-17-villanova-patrick-ewing-first-win-ranked-teamÂ â€_pic.twitter.com/6CIKvM65Jd,0,4,12,1.55E+12,2/20/2019 20:15,/ABC7Sports/status/1098435903171616769
1554328476-3176,https://twitter.com/search?l=&q=%23georgetown%20since%3A2019-01-01%20until%3A2019-04-03&src=typd&lang=en,@tmj_KYL_retail,TMJ-KYL Retail Jobs,"Nervous to apply for a job like ""Seasonal Sales Associate"" at Leslieâ€™s? Apply even if you're not a 100% match. You might be underestimating your value. Click the link in our bio for more info. #Retail #Georgetown, KY",0,0,0,1.55E+12,4/2/2019 15:01,/tmj_KYL_retail/status/1113199874126651392
1554328476-3303,https://twitter.com/search?l=&q=%23georgetown%20since%3A2019-01-01%20until%3A2019-04-03&src=typd&lang=en,@meetupcafebar,Meet Up Cafe & Bar,"Wishing all our friends Happy New Year. We are very excited to welcome year 2019. Thank you for all your support to us thus far, truly appreciated from Meet Up Cafe & Bar #coffee #cafe #bar #georgetown #penang #malaysia #newyear #happynewyear #meetupcafebarpic.twitter.com/MjLRp1eVtV",0,0,1,1.55E+12,1/1/2019 1:19,/meetupcafebar/status/1080030767676190721
1554328476-3301,https://twitter.com/search?l=&q=%23georgetown%20since%3A2019-01-01%20until%3A2019-04-03&src=typd&lang=en,@afraleyrealtor,Amy Fraley,"I miss driving in to #Georgetown (Washington DC). Just look at this flower shop?! Myrtle Beach seriously needs to step up their downtown game :@awalkinthewild
.
.
.
#wehaveadifferentgeorgetownhere #georgetowndc #greenworksflorist #flowershop #downtoâ€_ http://bit.ly/2QZk2OoÂ pic.twitter.com/LowLL6tuBp",0,0,0,1.55E+12,1/1/2019 6:39,/afraleyrealtor/status/1080111374683045888
1554328476-3180,https://twitter.com/search?l=&q=%23georgetown%20since%3A2019-01-01%20until%3A2019-04-03&src=typd&lang=en,@florenceisbae,Ø§Ø±Ù…,Cats of Penang #georgetown #Malaysiapic.twitter.com/guY9epBitk,0,2,6,1.55E+12,3/31/2019 11:23,/florenceisbae/status/1112420198710214656
1554328476-3272,https://twitter.com/search?l=&q=%23georgetown%20since%3A2019-01-01%20until%3A2019-04-03&src=typd&lang=en,@GeorgetownHoops,Georgetown Hoops,"G A M E D A Y
#Georgetown X St. Johnâ€™s
: 1 p.m.
: CBS
: WOL 1450 AM
#hoyasaxa #golegend #bigeasthoopspic.twitter.com/1BRhAQgcui",3,21,84,1.55E+12,1/5/2019 8:06,/GeorgetownHoops/status/1081582761113198593
1554328476-3198,https://twitter.com/search?l=&q=%23georgetown%20since%3A2019-01-01%20until%3A2019-04-03&src=typd&lang=en,@LisaLeslieW,"Lisa Leslie-Williams, PharmD.",Weekends are so sweet. (Pictured: peanut butter fudge GF cupcake) #georgetown #sweettreatpic.twitter.com/fGatQWoCA5,0,0,0,1.55E+12,3/31/2019 13:14,/LisaLeslieW/status/1112448088113848320
1554328476-3280,https://twitter.com/search?l=&q=%23georgetown%20since%3A2019-01-01%20until%3A2019-04-03&src=typd&lang=en,@BoundaryStones,Boundary Stones,"We'll take ""Grassroots Politics"" for $200, Alex...

In 1964, this #DC activist drove around the city with a cage full of rats and threatened to release them in #Georgetown unless the @CouncilofDC addressed the vermin problem in NE and SE. #DCHistoryhttps://blogs.weta.org/boundarystones/2015/07/16/julius-hobson-gets-out-rat-raceÂ â€_",0,4,2,1.55E+12,1/3/2019 10:33,/BoundaryStones/status/1080894813933690880
1554328476-3197,https://twitter.com/search?l=&q=%23georgetown%20since%3A2019-01-01%20until%3A2019-04-03&src=typd&lang=en,@noblebat,Carrie Anne Noble,Popped into Amazon Books in DC Saturday & signed some mermaids! Such fun! @amazonbooks #georgetown #books #WashingtonDC #Mermaid #themermaidssister #writerslifepic.twitter.com/1KPofRzdUZ,1,0,2,1.55E+12,4/1/2019 8:30,/noblebat/status/1112739067056275457
1554328476-3266,https://twitter.com/search?l=&q=%23georgetown%20since%3A2019-01-01%20until%3A2019-04-03&src=typd&lang=en,@DaveHagerman,David Hagerman Photo,Breakfast prep. Always good to start the day with a blast of these pickled in vinegar. #georgetown #streetfood http://bit.ly/2WkU2MCÂ pic.twitter.com/5710R4Awtu,2,4,10,1.55E+12,1/27/2019 2:09,/DaveHagerman/status/1089465461329354752
1554328476-3261,https://twitter.com/search?l=&q=%23georgetown%20since%3A2019-01-01%20until%3A2019-04-03&src=typd&lang=en,@JvittalTV,Jeevan Vittal,Someone is making a lot of friends at the @Apple store in #Georgetown. #puppygeniuspic.twitter.com/0plHaV0INB,3,0,19,1.55E+12,2/2/2019 11:44,/JvittalTV/status/1091784384942878723
1554328476-3178,https://twitter.com/search?l=&q=%23georgetown%20since%3A2019-01-01%20until%3A2019-04-03&src=typd&lang=en,@MarriottIntl,Marriott International,"While the cherry blossoms in Washington, D.C. are in bloom, The @StRegisDC, @RitzCarlton #Georgetown, and @MHMarquisWDC have special cherry blossom offerings. http://bit.ly/2FOfbZk",1,1,11,1.55E+12,4/1/2019 8:00,/MarriottIntl/status/1112731344776384512
1554328476-3262,https://twitter.com/search?l=&q=%23georgetown%20since%3A2019-01-01%20until%3A2019-04-03&src=typd&lang=en,@TheJTCC,JTCC,Checkout @TerpTennis play @hoyatennis at 3PM today at @TheJTCC ! Canâ€™t make it to the match? Livestream it on @PlaySight so you donâ€™t miss a play: https://web.playsight.com/facility/jtcc/homeÂ â€_ #terpstennis #hoyatennis #universityofmaryland #umd #georgetown #ncaatennis #playsightpic.twitter.com/Jj5pFXA0L1,0,3,11,1.55E+12,1/31/2019 11:52,/TheJTCC/status/1091061684138135552
1554328476-3201,https://twitter.com/search?l=&q=%23georgetown%20since%3A2019-01-01%20until%3A2019-04-03&src=typd&lang=en,@TheWardsofDC,Roy J. Ward,Great day in #Georgetown for #DC Little League opening day.  Go #Unions Thanks to the @Nationals for their support and cool uniforms.pic.twitter.com/QFDHgpKUo6,0,0,16,1.55E+12,3/30/2019 14:38,/TheWardsofDC/status/1112106800625733633
1554328476-3245,https://twitter.com/search?l=&q=%23georgetown%20since%3A2019-01-01%20until%3A2019-04-03&src=typd&lang=en,@LouatTheState,Lou Bezjak,#Georgetown signee @malcwil33 on the putback @RidgeViewHoops leads 50-33 3:55 left in 3rd #thestatepic.twitter.com/2kHXg7XQ4h,0,6,16,1.55E+12,2/19/2019 16:53,/LouatTheState/status/1098022787451625472
1554328476-3243,https://twitter.com/search?l=&q=%23georgetown%20since%3A2019-01-01%20until%3A2019-04-03&src=typd&lang=en,@hikikomoriii_,val,"I'm angry and disappointed. #Georgetown responded a few days ago in defense of their decision. â€œUniversity officials maintain that the benefits from the project would outweigh the deforestation in terms of greenhouse gas emissions.â€ù
https://www.thehoya.com/students-push-administrators-details-solar-panel-initiative/Â â€_",4,27,49,1.55E+12,2/20/2019 9:19,/hikikomoriii_/status/1098270916851716096
1554328476-3275,https://twitter.com/search?l=&q=%23georgetown%20since%3A2019-01-01%20until%3A2019-04-03&src=typd&lang=en,@ColonialParking,Colonial Parking,It's the final weekend of #GeorgetownGlow! Don't miss tons of outdoor art-installations throughout #Georgetown. Reserve your #DCparking here http://ow.ly/sqCR30nbgZMÂ pic.twitter.com/Dr0wv1S6RQ,0,2,3,1.55E+12,1/4/2019 10:05,/ColonialParking/status/1081250180383555584
1554328476-3285,https://twitter.com/search?l=&q=%23georgetown%20since%3A2019-01-01%20until%3A2019-04-03&src=typd&lang=en,@willrdupree,Will DuPree,"The message is simple: turn around, donâ€™t drown. 

Road crews from @wilcogov just closed this low-water crossing across the San Gabriel River on CR 100, east of #Georgetown. 

Take these warnings very seriously! 

@KXAN_Newspic.twitter.com/qtpBCGxW63",1,4,12,1.55E+12,1/2/2019 10:05,/willrdupree/status/1080525387287982080
1554328476-3246,https://twitter.com/search?l=&q=%23georgetown%20since%3A2019-01-01%20until%3A2019-04-03&src=typd&lang=en,@Andrew__Slater,Andrew Slater,#Georgetown was in tonight and the latest to offer PG RJ Davisâ€™20 @ariidavis_ of @step_basketball & @NYRhoops #Hoyaspic.twitter.com/xRCeSF6Z9h,1,13,31,1.55E+12,2/15/2019 18:49,/Andrew__Slater/status/1096602540127457285
