content,replies,retweets,favorites,published_date
"Some personal news: My kid just got accepted at #USC, and no jail time or $70M donation  #collegeadmissionspic.twitter.com/hGDjlFxKiP",3,3,17,3/27/2019 5:07
"Sending positive supportive thoughts to you and @BubbBolden Of course my wish is to see Bubba ripping it up in S&G, however will always respect his choice!! #FightOn #USC",0,1,15,12/31/2018 16:07
TPALAX - Back at #USC for Spring Practice No. 10 @USCScoop #FightOnpic.twitter.com/63BJmEvGJl,4,12,74,4/2/2019 4:08
"So the burning question of the day is WHY DON'T I HAVE HIGHLIGHTERS WITH ME? I must scout the airport...
#USC #DSW #SocialWork #DoctoralLyfepic.twitter.com/zy12I3wZo7",1,0,1,3/31/2019 7:53
Charles White and #USC vs. Michigan in 1979 Rose Bowl pic.twitter.com/6kip05bpIw,2,6,49,1/1/2019 13:57
"Dr Dreâ€™s Daughter Claims She Was Pressured By Her Father To Apply To USC
Read more on http://Lovelyti.comÂ : https://buff.ly/2UTE6jlÂ 
#DrDre #USC #collegescam #CollegeCheatingScandalpic.twitter.com/kZH7sEINiI",4,3,6,3/25/2019 9:42
#USC OC Graham Harrell says that he was pleased with last weekâ€™s scrimmage but that the offense still needs to play faster.,4,10,66,3/26/2019 17:23
PART II - #USC QB commit @bryce_young to @300_Sh0wtime for the @premiumsportsla @USCScoop #Adidas7v7Nationalspic.twitter.com/Ya8WZI1sbD â€“ at Tournament Sportsplexof Tampa Bay,2,15,73,3/30/2019 13:25
"#USC, and there isn't a close second.  https://twitter.com/SportsPac12/status/1113177810770649088Â â€_",0,1,3,4/2/2019 13:42
"Harbor City (Calif) Narbonne WR Josh Jackson just announced his commitment to #USC, currently on campus for #Trojans Junior Day",2,15,108,3/23/2019 12:13
"#USC wanted to have its cake and eat it too. If Kliff Kingsbury is so much your guy you're going to deny him a chance to interview for an #NFL head coaching job, why didn't you just hire him to be your head coach?",22,26,272,1/7/2019 12:39
"Back-to-back over time games for me. #USC womenâ€™s water polo is falling to farm, 9-8 with 33 seconds left in over time. pic.twitter.com/0xpzakUCaa",0,0,0,3/30/2019 15:46
â€œThe thing that stood out to me was how well the teamâ€™s chemistry has developed. They also seem to be having more fun playing football.â€ù I spoke with Lawndale HS SDE Tuli Tuipulotu (@TuipulotuTuli) about his recent visit to #USC. https://www.conquestchronicles.com/recruiting/2019/3/31/18289392/usc-football-recruiting-2020-lawndale-defensive-end-tuli-tuipulotu-visit-top-schoolsÂ â€_,1,3,14,3/31/2019 10:41
"Meanwhile, the #USC athletic director will actually be in Virginia the same day signing autographs for $235 a pop pic.twitter.com/U6mrZU2yon",20,16,55,3/29/2019 18:34
"Just paid off the oldest of my student loans. After being distributed in 2003, my first Federal Stafford loan I got at Maryville College has now been returned.

Now if only my #USC loans would disappear...",12,0,128,4/1/2019 15:04
"Watching #RoseBowl. After the 1932, my @ColgateFB Raiders were undefeated, untied and UNSCORED UPON, but deemed too small to be invited to Pasadena. #Pitt was crushed by #USC 35-0. Scribes wrote that we wouldâ€™ve played a better game. #Columbia went the next year, beat #Stanford.",17,12,111,1/1/2019 14:19
#USC OL Target Enokk Vimahi (@enokkvimahi) â€” No. 71 â€” going through early drills at the All-American Bowl here in San Antonio.pic.twitter.com/vVsnM2fveB,0,3,15,1/1/2019 11:40
"Orange Lutheran (Calif.) WR Kyle Ford just announced his commitment to #USC, adds to loaded WR corp for the #Trojans",13,21,113,1/5/2019 11:16
Enjoying the great event @USCAnnenberg @Center4PRâ€™s 29th Annual Kenneth Owler Smith Symposium. #PRFuture #USC pic.twitter.com/DvVw5ME2EY â€“ at Wallis Annenberg Hall,0,0,6,3/28/2019 18:38
One of the best we ever covered at #USC. Congrats Troy! https://twitter.com/USC_Athletics/status/1082299030988681216Â â€_,3,21,192,1/7/2019 7:53
BREAKING: 5-star ATH Bru McCoy will transfer from #USC to #HookEm. He plans to arrive in Austin next week. #FightOn.https://www.usc247.com/news/2019/1/24/mccoy-set-to-transfer-from-uscÂ â€_,77,378,1.1K,1/24/2019 12:31
My family did not come to play. #USC pic.twitter.com/yRiI97lYvZ,0,118,663,3/23/2019 19:21
"Ever since I learned that #USC's blind long snapper @JakeOlson61 could not only play golf but shoot in the 70's I have wanted to see him in action. Saturday I got that chance and it was, like most things Jake does, inspirational. Story here: https://247sports.com/college/usc/Article/A-special-day-on-the-golf-course-with-Jake-Olson-130496022/Â â€_pic.twitter.com/m4IwxOxW9i",12,40,248,3/25/2019 8:21
"Local law enforcement is giving ride-sharing tips to ensure #safety for everyone. This comes a few days after police in SC say a #USC student was killed by someone who may have been posing as an #Uber driver.

(Ft. @FergusonTwpPD Chief)

Full link: https://wjactv.com/news/local/police-giving-ride-sharing-tips-after-student-mistook-a-car-for-her-uber-and-was-killedÂ â€_pic.twitter.com/emRQTA8e4F â€“ at WJAC State College",1,1,4,4/1/2019 21:00
Gearing up for a great night at @USCAnnenberg @Center4PRâ€™s 29th Annual Kenneth Owler Smith Symposium! #PRFuture #USC pic.twitter.com/9H9DS4mT1F,0,0,6,3/28/2019 18:16
"My first day of residency has been fun. It can be hard for an introvert like me to keep up. But not today. 
#USC #DSW #SocialWork #DoctoralLyfepic.twitter.com/bfVeLyh4PY",0,0,3,4/2/2019 0:13
"New #adulting advice for students when it comes to ridesharing: 

Dept member @natigerssn is a #USC graduate and spoke about #uber safety.

#SayYesToFCShttps://www.usatoday.com/story/money/2019/04/02/safety-tips-using-uber-lyft-urged-after-murder-usc-student/3339738002/Â â€_",0,1,6,4/2/2019 16:40
Drake Jackson's immediate impact highlighting #USC's springhttps://trojaninsider.com/s/1254/drake-jacksons-immediate-impact-highlighting-uscs-springÂ â€_ (FREE) #FightOn,1,12,92,3/28/2019 7:38
5-Star #USC QB commit @_bryce_young & 4-Star @SFAfootball_MD WR Traeshon Holden hooked up often Saturday/Sunday for 2019 #Adidas7v7 National Champions @premiumsportsla #TeamDime @USCScoop #FightOnpic.twitter.com/LLOjdrXaoL,1,19,73,4/1/2019 7:56
"#USC's Saturday practice, Day 9 of Spring Camp, is all done.

Full pads as expected on a scrimmage day.",2,4,18,3/30/2019 11:46
"Okay yâ€™all, we ACTUALLY pulled off a #UCLA #USC BLACK GRAD WOMENâ€™s WRITING SESSION in LOS ANGELES. 

MY HEART IS SO FULL. 

It was only right that a black woman owned coffee shop @SipandSonder hosted us!pic.twitter.com/t9S6A2azQf",20,111,959,3/9/2019 15:51
Oh my god where was I   One of the best things about going to a school like #USC https://twitter.com/Comey/status/1095086625447505920Â â€_,0,0,0,4/1/2019 23:10
Battle of the #Carolinas off to wild start 7-4 #USC @GamecocksOnline over @NCState #Wolfpack after one inning @BBTBallpark #Charlotte pic.twitter.com/JuU6273aRm,0,1,0,4/2/2019 16:47
"Target acquired. Highlighters found at the newsstand. Three more hours until my flight out of Logan. Trying to sit quietly with my tired brain. 
#USC #DSW #SocialWork #DoctoralLyfepic.twitter.com/l2eEDGYaIw",0,0,0,3/31/2019 9:27
#USC LB Ralen Goforth was the last to leave practice again @USCScoop #FightOnpic.twitter.com/TqwebIxLIh â€“ at University of Southern California,3,9,128,3/26/2019 18:41
So grateful to have been trusted to be the photographer for the USC @Center4UrbanEd throughout their Student Equity Planning Institutes! They're doing some exciting work! #studentequity #usc #ccc #californiacommunitycolleges #communitycollegeshttps://twitter.com/Center4UrbanEd/status/1110977335933587461Â â€_,0,2,9,3/30/2019 10:24
Want to play with Ninja? Show us how you game for a chance to meet and play with the most popular gamer in the world. Visit http://Ninja.RedBull.comÂ  for details.pic.twitter.com/dlNWvrNcTq,44,21,118,3/28/2019 14:40
"We've just uploaded some extensive coverage of the @VisionsnVoices' 40 Years of Alien: 40th Anniversary Exhibit, including an article, video and interview! | https://www.avpgalaxy.net/website/articles/avp-galaxy-tours-usc-alien-40th-anniversary-exhibit/Â â€_ | #Alien #Alien40th #Alien40thAnniversary #VisionsAndVoices #USC #Xenomorph #XenomorphXX121pic.twitter.com/HT8XvTSgrP",0,10,49,3/23/2019 11:07
#USC among the Top 10 Schools for Nashville (TN) ATH Keshawn Lawrence @USCScoop #FightOnhttps://twitter.com/KeShawn2x/status/1111755405196169217Â â€_,0,7,47,3/29/2019 15:26
#USC dual-sport signee Drake London with the 540 dunk? https://twitter.com/USC_Hoops/status/1109832933982920704Â â€_,2,14,94,3/24/2019 8:22
"#AbledsAreWeird Summer #USC program as a high-schooler, I used an electric cart bc I have cerebral palsy. Woman asked me what I was studying. I said film. She said, â€œyou make movies in that [cart]?â€ù, laughed at me and left. Today I write for #TheRookie",4,14,68,3/16/2019 11:12
A nice moment between Bru McCoy and his parents after committing to #USC pic.twitter.com/6RzwjvMuaH,6,20,147,1/5/2019 13:32
"With #NanaMeriwether, #MissUSA 2012. Nana is emblematic of #TheRacingHeartâ€™s heroine - beautiful, brilliant, bold & fierce. 

#Philanthropy #Nonprofit #MeriwetherFoundation #Maryland #MissMaryland #Vollyeball #ProVollyball #UCLA #NYC #Duke #USC #MissCalifornia #MissUniversepic.twitter.com/gSWVDlIsE5",0,0,3,3/29/2019 12:40
I feel like our program is the laughing stock of college football and Swann doesnâ€™t give an F. Just the way it feels. #USC,18,47,193,1/24/2019 10:38
Donâ€™t you know #USC has a commitment from a 5-foot-7 QB in the 2020 class? Stop complaining! https://twitter.com/InsideUSC/status/1079937548099538946Â â€_,2,4,7,1/1/2019 9:34
#USC OT Chuma Edoga clearly needs work with the placement of his punch and handwork. But itâ€™s his feet that have my attention here. Edoga is having a great week. pic.twitter.com/sEu1Ubu2gg,12,66,314,1/23/2019 22:58
"Need an editor to help with thesis, assignments or grant proposal? Contact me @BetweenDraftsEd 
I'm an experienced writer and editor with background in science, postgrad creative writing.
#internationalstudents #esl #USC #learningenglish",0,0,0,4/2/2019 1:43
"LOVE this: Jake Olson, #USCâ€™s blind long snapper, will participate in the bench press portion of the Trojansâ€™ Pro Day on March 20 and & will raise funds to help cure the retinoblastoma cancer that took his eyesight. Go! https://pledgeit.org/jake-olson-2019",0,73,204,3/7/2019 10:33
#USC has offered Newport Beach (Calif.) Corona del Mar tight end Mark Redman: https://247sports.com/Player/Mark-Redman-46053505/Â â€_pic.twitter.com/jWR4r1B3l2,4,11,44,2/21/2019 9:11
"Wish Bubba and you all the best; sure hope to see him back in C&G, however will always respect his choice! #FightOn #USC",0,0,9,12/31/2018 16:05
Aunt Becky in jail! They gotta incorporate this into the final season of Fuller House! https://perezhilton.com/lori-loughlin-college-admissions-scandal-custody-husband-mossimo/Â â€_ #OperationVarsityBlues #LoriLoughlin #FelicityHuffman #JohnStamos #USC,34,4,90,3/13/2019 12:40
"Fascinating presentations at the #USC ISI Graduate Student Symposium today! So far: Characterizing activity on the deep and dark web, denial of service attack vulnerability detection and Flash cRowd Attack Defense. #CyberSecuritypic.twitter.com/rsIDpWor2N",0,0,8,3/26/2019 11:43
Our @ShotgunSpr with a story on #USC running back Stephen Carr. He's now 100% and looking for a breakout season in this new offense. https://247sports.com/college/usc/Article/USC-football-Stephen-Carr-looking-forward-healthy-season-with-Mike-Jinks-Graham-Harrell-offense-129823960/Â â€_pic.twitter.com/xtqwE15Wn5,4,12,73,3/8/2019 13:04
Proud of my friend and colleague @benackerAUSD on completing his doctoral program @USCRossier . Fight on! #usc pic.twitter.com/p17BCp8kMH,4,6,52,3/25/2019 17:00
#UCLA has offered Santa Ana (Calif.) Mater Dei '20 QB and #USC commit Bryce Young after visiting the Monarch campus earlier today  https://247sports.com/Player/Bryce-Young-93127/Â â€_,11,18,158,1/18/2019 17:28
"Great time to announce a 3.5 increase for #USC undergraduate tuition!
Thanks, Board of Trustees! https://twitter.com/AnnenbergMedia/status/1107770531909001217Â â€_",15,15,71,3/18/2019 15:54
Four-star Narbonne WR commits to #USC. Just did it on Howard Jones Field with his family @gmartlive @GregBigginshttps://twitter.com/JoshuaJacksonJr/status/1109533516822269953Â â€_,1,14,138,3/23/2019 12:16
"Reggie Bush absolutely changed the game of College Football...He was Social Media before Social Media. 

The amount of money Bush made for #USC and the #NCAA was astronomical. The precedent taken to remove his heisman is still a travesty to this Day...pic.twitter.com/o5KD4DhOyJ",11,109,352,1/9/2019 19:47
Iâ€™m so excited & honored to be speaking next week to students at #USC ! For sure âÅ_@nyjetsâÅ© QB Sam Darnoldâ€™s name will come up! #Jets #NFLpic.twitter.com/A8SKKYVCMt,6,15,139,3/22/2019 16:45
Former #USC quarterback @Mark_Sanchez was pulling some babysitting duty at spring practice yesterday. #FightOnpic.twitter.com/hsRcLOVxYB,3,9,105,3/6/2019 9:58
#USC landed the No. 1 and No. 3 players in CA today (247Sports rankings) https://twitter.com/ShotgunSpr/status/1081654200235257856Â â€_,8,43,274,1/5/2019 12:56
"no border in ireland  and take back that corrupt bank tax that was placed on our heads, we are struggling with all these taxes #USC #LPT while banks in ireland  pay no tax under @LeoVaradkar governmentpic.twitter.com/0pYJcKswL0",0,0,0,4/2/2019 12:43
Former #USC LB and http://USCFootball.comÂ  columnist Jeff Kopp brought his family to practice today. He's a high school coach in Florida now. @Kopper57pic.twitter.com/a3we6G5i06 â€“ at Brian Kennedy Field (BKF),0,1,23,4/2/2019 15:01
"North Texas OC Graham Harrell has emerged as a strong candidate for the #USC OC vacancy but reports of a done deal are not accurate, sources tell me.",30,60,284,1/28/2019 9:55
Bellflower (Calif.) St. John Bosco OL Drake Metcalf picked up an offer from #USC following an unofficial visit to campus earlier today https://twitter.com/DrakeMetcalf60/status/1098044240020422656Â â€_,0,10,58,2/19/2019 18:25
Drake Jackson returning punts for #USC next season? pic.twitter.com/Sx6Lwh4Y3U,5,12,105,1/1/2019 13:52
"Clearly, nobody at #USC understands timing. #FightOnhttps://twitter.com/AnnenbergMedia/status/1107770531909001217Â â€_",2,13,27,3/18/2019 16:16
Premium wins the @adidasFballUS 7on7 National Championship with this toss through defenders by #USC QB commit Bryce Young: https://247sports.com/player/bryce-young-93127/Â â€_pic.twitter.com/TVR042COjz,9,29,105,3/31/2019 12:39
What an epic finish to his #USC career! Though his current insta updates are way more epic...,0,0,0,4/1/2019 12:32
"Interesting quote on #USC AD Lynn Swann blocking Kingsbury from interviewing: ""Heâ€™s believed to be the first college A.D. to ever block a coach from interviewing for an NFL head-coaching job.""
https://247sports.com/college/usc/Article/Kliff-Kingsbury-USC-New-York-Jets-Arizona-Cardinals-NFL-interview-127378625/Â â€_pic.twitter.com/FV582WuHyD",33,21,84,1/5/2019 18:15
"THE WAR ROOM: This week we discuss President-Elect Carol Folt's meeting with #USC's athletic department, share some recruiting developments from the Trojans' Junior Day, and more. 

Read here:
http://247sports.com/college/usc/Article/usc-trojans-carol-folt-admissions-scandal-war-room-bryce-young-connor-murphy-130648363/Â â€_pic.twitter.com/iPFD0veaq7",3,7,31,3/29/2019 7:11
#DrDre proudly announces his daughter #TrulyYoung got into #USC. And heâ€™s poking fun at the college scandal. Ha! https://ift.tt/2OocFvxÂ pic.twitter.com/teOdBbIpYF,32,90,436,3/24/2019 6:07
Sean McVay talking ball at the #USC NIKE Clinic. pic.twitter.com/1mw0RgFIAW,0,0,2,3/29/2019 17:07
Mater Dei four-star cornerback Darion Green-Warren de-commits from #Oklahoma. Green-Warren sill being heavily pursued by #USC. Nod to @ChrisNTrevino and the War Room Friday.https://twitter.com/gogettadarion/status/1104111808451731456Â â€_,4,10,103,3/9/2019 8:26
"USC's Tommy Riach (right) talks to former #USC star/New York Yankee Hank Workman and Yankee legend Joe DiMaggio when the Trojans played Yankees on March 26, 1951 pic.twitter.com/LQw1zVeVoe",1,3,11,3/27/2019 12:45
One #USC â€œreporterâ€ù writes that the #FightOn offense is â€œmassivelyâ€ù improved under Harrell. Remember when last yearâ€™s defense was supposed to be the best since 2008 but it turned out they just played against a bad offense everyday in practice? Me too!!!,1,0,6,4/1/2019 13:01
"Five minutes after Lynn Swann took a picture with Snoop Dogg, Urban Meyer took a picture with Snoop Dogg. Theyâ€™re now talking. Where are you @BradyMcCollough? #USC pic.twitter.com/7p5pdrDrMM",17,21,129,2/2/2019 21:52
"#ESPN Class Rankings week from signing day 2:

1 #Alabama
2 #UGA
3 #GigEm
4 #OUDNA 
5 #Longhorns (up 4 with Bru McCoy)
6 #Oregon
7 #Michigan
8 #LSU
9 #Clemson
10 #ND
11 #Gators
12 #PennState
13 #OhioState
14 #Auburn
15 #Vols
16 #Huskies
17 #FSU
18 #SpursUp
19 #USC
20 #Arkansas",9,71,188,1/31/2019 4:58
"Which Trojans caught the eye in Week 3 of Spring Camp?

#USC is getting some really encouraging performances on offense and on the defensive line.
https://reignoftroy.com/2019/04/01/usc-football-spring-camp-five-players-stood-out-week-3/Â â€_",1,5,18,4/1/2019 12:22
#OhioState QB commit Jack Miller and #USC QB commit Bryce Young have punched their tickets to the Elite 11 Finals this summer pic.twitter.com/lgXzhRJnWQ,6,53,389,2/10/2019 17:34
#USC Athletic Director Lynn Swann responds to an LA Times article questioning his commitment to the university today: https://usctrojans.com/news/2019/4/2/general-releases-a-note-from-lynn-swann.aspxÂ â€_,31,14,39,4/2/2019 16:01
"Santa Ana (Calif.) Mater Dei ATH Bru McCoy just announced his commitment to #USC, goes in-depth on his decision here 
https://247sports.com/Article/Five-Star-athlete-Bru-McCoy-breaks-down-his-commitment-to-USC--127370438/Â â€_pic.twitter.com/h6uPujBlIV",4,24,145,1/5/2019 12:45
Some good intel on new #USC OC/QB coach Graham Harrell from his old quarterbacks via @AntonioCMorales:https://theathletic.com/837318/2019/02/25/graham-harrell-usc-quarterback-expectations-north-texas/Â â€_,0,12,29,2/27/2019 7:15
"Long Beach Poly (Calif.) '21 DB Kamren Blanton talks early offer from #ArizonaState, will camp with both #UCLA and #USC over the summer https://247sports.com/Article/Kamren-Blanton-talks-Arizona-State-offer-will-camp-with-UCLA-and-USC-129834280/Â â€_pic.twitter.com/2kvYgqx6pc",0,15,51,3/7/2019 20:41
Signs installed on Figueroa for pedestrians unfortunately they are backwards.   #LAMetro #USC #YouHadOneJobpic.twitter.com/LPxmXSAW7Q,3,1,2,4/1/2019 17:18
Former #TexasTech coach and current #USC offensive coordinator Kliff Kingsbury is expected to get head coaching interviews with the #Cardinals and #Jets.https://sports.yahoo.com/sources-kliff-kingsbury-get-head-coaching-interviews-jets-cardinals-232458625.htmlÂ â€_,247,846,2.3K,1/1/2019 15:35
USC FIRE and USC student EMTâ€™s #EMSC serving their fellow Trojans tonight at the annual Springfest concert! #USC #FireFightOnpic.twitter.com/1KgCvQmFF6,0,0,5,3/30/2019 18:53
"Congratulations to 2021, 6â€™9 wing, JT Thor on receiving a scholarship offer from The University of Southern California!! @thorrjt #huntington #prep #basketball #Scholarship #offer #USC pic.twitter.com/cHA0ptleJo",0,7,41,3/31/2019 13:58
ICYMI: We break down the top performers from the #USC #Trojans second fall camp scrimmage Saturday:https://247sports.com/college/usc/ContentGallery/Saturday-USC-scrimmage-top-performers-130721658/Â â€_,0,2,4,3/31/2019 15:13
"Just think, right now a kid is sitting in their dorm, at their 2nd choice school, because this entitled kid took their spot at their DREAM school: #USC A kid on a crew team somewhere is thinking the same thing.  Our kids deserve better.... #LoriLoughlin #FelicityHuffman",13,74,600,3/12/2019 19:34
Too much sauce. @USC_FB #USC pic.twitter.com/fyzfZGDCX2,0,0,1,3/27/2019 18:35
"Bru McCoy and Drake Jackson

Jackson committed signed with #USC Dec.19 & McCoy will announce his school choice Jan. 5 during the @19AllAmerican Bowl in San Antonio @USCScoop #FightOnpic.twitter.com/8Orzs1ooc9",4,14,96,12/31/2018 19:06
"#USC reels in 5-star WR Kyle Ford. There'd be rumblings he might flip someplace else. Trojans have some studs at receiver for Graham Harrell to work with, plus two big-time TE signees in this class.",9,27,154,2/6/2019 7:42
Watching from afar the most impressive player at OL DL 1-on-1s May be #USC OT Chuma Edoga #FightOn. Light feet with good amount of nasty mixed in on reps I saw.,4,20,62,1/22/2019 14:49
"2020 has to be Better than 2019. 

Talking #USC recruiting with @InsideUSC @USC 

https://www.youtube.com/watch?v=Dfi6QE2epGEÂ â€_

Courtesy: 247 Sportspic.twitter.com/E6zyy188Zc",0,0,1,3/30/2019 9:17
#USC offers 2021 4 QB out of Dallas. No. 1 DUAL and No. 1 player in Texas. https://twitter.com/_prestonstone/status/1113203530951811074Â â€_,0,2,9,4/2/2019 15:30
Mick i an going through a crisis when DÃ¡il Ã‰ireann fucked me@over with corrupt bank debt #LPT #USC and no pay rise since 2008 as @EndaKennyTD said we canâ€™t have one,0,0,0,4/2/2019 9:53
"#USC loads the bases for second time today, but can't get a run across.

Trojans have left seven men on base in three innings. #UCLA leads 4-2.",0,0,3,3/31/2019 17:34
"Instant Analysis: #USC has made it halfway through spring camp, so what changes have we seen so far from the Trojans? 

Dan and I have the full report from Day 8
http://247sports.com/college/usc/Article/usc-spring-camp-practice-report-trojans-graham-harrell-clay-helton-130634196/Â â€_pic.twitter.com/drZCVnt8wR",2,8,42,3/28/2019 19:30
New #PeristylePodcast episode with @dweber3440 and @keelyismyname talking #USC spring football. Listen here: https://247sports.com/college/usc/Article/usc-trojans-spring-camp-football-graham-harrell-clay-helton-130592527/Â â€_pic.twitter.com/fpchV7LH7I,0,6,17,3/27/2019 17:28
"I made hex stickers for my #DSW cohort. Hoping they look as good as the proof from @stickermule! Squeee!
#SocialWork #SWTech #USC pic.twitter.com/37ddIcsAmB",2,0,6,3/27/2019 1:33
CTIP is hiring interns! #medtech visit us at the #USC Marshall internship Event today. pic.twitter.com/4UHLcL6BLk,0,3,4,3/26/2019 9:07
"As @PenguinOfTroy said on our pod this week (almost done editing), Lynn Swann not attending the #USC admin retreat because it'd make him breach the autograph show contract should've been leaked before the weekend. Would've shown awareness to the poor optics and been preemptive.",8,2,14,4/2/2019 16:02
#USC Price Deanâ€™s Speaker Series.  How Latinos in #CALIFORNIA Transformed Politics in America. The challenges to open Latino paths in politics. #powershift #BilingualServicesAct #USCLatinoAlumniAssociation #USCPricepic.twitter.com/KXPY8rObPR,0,1,4,4/1/2019 19:05
#IMGAcademy (FL) alum & #USC #Trojans early enrollee DB Briton Allen (@AllenBriton) at spring practicepic.twitter.com/YCP7YzNpkc,0,1,8,3/26/2019 11:34
Congratulations to the women leaders at @USCMarshall and the Marshall Graduate Women in Business for putting together a terrific #InternationalWomensDay Celebration. I was honored to join you this afternoon. Fight On! #USC #USCMarshallÂ #WomenInBusinesspic.twitter.com/T2luc6jjRM,1,8,57,2/28/2019 15:26
"I can't believe Bru McCoy would transfer! I can't believe Kliff Kingsbury would leave! I can't believe Chris Steele would decommit!
Welcome to the Helton era! #USC",56,98,440,1/24/2019 9:50
"#USC defensive end signee Drake Jackson makes a HUGE jump in the @247Sports final Top247 rankings, moving up more than 150 spots (FREE): 

https://247sports.com/college/usc/Article/USC-signee-defensive-end-Drake-Jackson-final-Top247-rankings-128211748/Â â€_pic.twitter.com/3hVrRiGrKz",2,19,91,1/23/2019 10:43
SOURCE: Another #USC WR has entered The Transfer Portal. It's Trevon Sidney who had 7 catches for 104 yards in 2018. Has two seasons of eligibility remaining. https://bit.ly/2AGD3uW,54,112,309,1/25/2019 16:14
"The ""Ugh Factor"" level just went up 100x with THIS development: Lori Loughlin's daughter spent spring break on yacht of #USC Board of Trustee. She was aboard the yacht WHEN THE STORY BROKE. https://mol.im/a/6806497",34,46,128,3/13/2019 20:36
Banned from Galen Center but not Dedeaux Field! #USC https://twitter.com/yankees23/status/1112526127032078337Â â€_,3,3,52,3/31/2019 18:26
"College visits coming up :
#LSU , #UGA , #OhioState , #USC , #FloridaState , #Texas , #Oklahoma , #Rice 

@samspiegs , @TonyGerdeman , @Scott_Schrader , @MikeRoach247 , @SuperK_TFB , @JasonSwanny",6,51,246,1/4/2019 17:50
#USC offers one of the top QB prospects in the 2021 class https://twitter.com/_prestonstone/status/1113203530951811074Â â€_,1,2,13,4/2/2019 15:27
"Am told the Arizona Cardinals really like #USC OC Kliff Kingsbury. He has met with them before about their head coaching vacancy, per source. https://twitter.com/BruceFeldmanCFB/status/1082384243584430080Â â€_",26,59,223,1/8/2019 7:49
Blessed to say I have revived an offer to play football at USC. Big thanks thanks to @USCCoachHelton @CoachDrev @USCFootballNews and the rest of the staff for this opportunity.  #FightOn #USC #Pac12 @GoValorFootball @valorsportsnetpic.twitter.com/zQjLM82cbj,14,47,218,1/18/2019 13:44
#CoconutCreek HS (FL) 2022 DB Trevell Mullen (@tt_mullen) visiting the #USC #Trojanspic.twitter.com/ZBz9B3XiN0,0,4,32,3/30/2019 13:35
#USC QB JT Daniels talks about how the Air Raid install has gone this spring. https://247sports.com/college/usc/Article/USC-football-JT-Daniels-Air-Raid-offense-installation-Graham-Harrell-130567125/Â â€_pic.twitter.com/TsNOGRIACb,1,6,41,3/27/2019 9:10
But this tweet from #LoriLoughlin last year.  #AdmissionsScam #collegeadmissionsscandal #USC pic.twitter.com/x2KOFFlgGp,9,54,162,3/12/2019 16:47
So I found out yesterday I got into THE UNIVERSITY OF SOUTHERN CALIFORNIA. YEAH. My life absolutely insane right now. I was in tears and I honestly still canâ€™t believe it. Beyond thankful for my blessings and my family. #USC #IGotIntoUSC pic.twitter.com/cd02XP4Eam,5,25,170,3/24/2019 20:37
Thanks to everyone who came out last night!! #BattleoftheBands #USC  pic.twitter.com/cqPGhueweb,9,6,98,3/27/2019 7:47
In case anyone was unclear on which USC came first. South Carolina came first. South Carolina is the real #USC. #GoCocks pic.twitter.com/N0K9b98l6b,0,1,2,4/1/2019 13:06
First time coming to practice! Waiting to get in  #USC #SpringPracticepic.twitter.com/RJ5kSscJFk,5,3,58,3/30/2019 9:46
Found a legend at the airport! #SCVets #SCPride #UofSC #USC pic.twitter.com/GOdbYv3cKK,0,1,5,3/31/2019 14:26
"Tunnel Vision goes LIVE at 6pm PT with myself, @keelyismyname and @ShotgunSpr talking about #USC being at the halfway point of spring plus we debut some cool new backdrops for the studio! https://247sports.com/college/usc/Article/Tunnel-Vision-Midway-point-of-USC-spring-football-130595423/Â â€_pic.twitter.com/ULFnu4JZ8q",1,7,30,3/27/2019 16:51
For those hungry kids out there grinding for an opportunity. Hereâ€™s youâ€™re shot! Put your talents on display and make a name for yourself this summer! #SC19 #FightOn #USC  pic.twitter.com/hv89slGJEh,0,21,79,3/8/2019 14:11
Amazing Aerial Photo Of Two F/A-18F #SuperHornet over @RoseBowlStadium before the #USC vs #UCLA Game. We can't wait to see the photos from tomorrow's flyover.  #Flyover @westcoastaerial @PasadenaGov @NAS_Lemoore @USNavy @cencio4https://theaviationist.com/2018/12/31/take-a-look-at-this-amazing-aerial-photo-of-two-f-a-18f-super-hornets-doing-the-usc-vs-ucla-game-flyover/Â â€_,0,4,16,12/31/2018 16:26
"The Friday notes column looked at both sides in the #USC naming rights controversy
https://insideusc.blog/2019/03/29/if-its-friday-its-time-for-a-usc-notes-column-31/Â â€_pic.twitter.com/SuTXR1yjkL",1,2,3,3/29/2019 17:45
"MTO Shahmaghsoudi participates at the largest book festival in the US: 2019 Los Angeles Times Festival of Books:
http://mto.org/mto_usa_events/events/342/Â â€_
#festivalofbooks #losangeles #sufism #islamicsufism #islam #mto #mtoshahmaghsoudi #USC #latimes... http://mto.org/mto_usa_events/events/342/Â â€_",0,42,65,3/18/2019 15:20
"If you own a $100 million yacht or belong to Augusta National Golf Club, you might be in line for a nice job at #USC",4,7,80,3/13/2019 18:31
Thank you to all law enforcement agencies involved in solving this abduction & murder. Grateful for the astute @ColumbiaPDSC officer that made the traffic stop. There are not enough words to convey my heartache for the Josephson family & #USC community.,0,0,7,3/31/2019 5:27
"â€œYou donâ€™t coach ball, you coach people.â€ù And boy... do I love my people

#USC #PowerOfOne #forevertothee pic.twitter.com/HEeTDmZh1s",3,11,206,2/22/2019 17:42
"This won't be the #Trojans best class, but credit to @CoachGregBurns and the rest of the #USC staff for closing well with some intriguing defensive back talent other Pac-12 schools wanted down the stretch.",10,11,182,2/5/2019 20:00
I'm waiting for #USC to announce its creating a Dept. of Internal Investigations,24,11,131,3/13/2019 21:19
#USC commits QB Bryce Young & WR Josh Jackson connect for the @premiumsportsla TD @USCScoop #Adidas7v7Nationalspic.twitter.com/BakPiRCXbh,0,8,129,3/30/2019 16:08
"Tragedy for #USC family after a well known music student is killed in an attempted robbery just blocks from campus.
Victor McElhaney studied jazz @USCThornton School of Music. His mother is an Oakland city council member.
Latest on search for suspects at 6pm @ABC7pic.twitter.com/49ziERd4cT",3,40,64,3/10/2019 17:56
When a student contacts you over spring break to share with you that she got admitted to #USC Congrats Petcy Yao the Trojans are getting an excellent young woman #FightOn #HuskyPride #HuskyScholar #ChhsHSApic.twitter.com/wE3tW9rtn7,0,0,15,3/27/2019 19:42
Top247 CB Chris Steele says he has known where he's going to play college football for three months. Will announce on Saturday. Talks #Florida #Oklahoma #Oregon #Gamecocks and #USC at @19AllAmerican check in: https://247sports.com/Article/Top247-cornerback-Chris-Steele-recruitment-coming-to-a-close-talks-Florida-Oklahoma-South-Carolina-USC-and-Oregon-127119695/Â â€_,13,53,252,12/31/2018 16:44
"Had a great time checking out the #usc Alien 40th anniversary exhibit. Some really cool props and production mementos from the entire franchise. 
#alien #aliens #alien40thanniversary #usc #uscfilmschool #movies #film #props #production #conceptart #scifi #sciencefiction #horrorpic.twitter.com/mkL4Wy6Lox",2,11,46,2/17/2019 19:22
"For #USC fans concerned about whether or not five-star wide receiver Bru McCoy will end up with the Trojans due to the uncertainty surrounding Kliff Kingsbury, Iâ€™m told heâ€™s on campus and nearly done moving in. He starts classes tonight. https://247sports.com/college/usc/Board/102339/Contents/Just-a-heads-up-on-five-star-WR-Bru-McCoy-127461446/Â â€_ (VIP)

@247Sportspic.twitter.com/fCD4lt8Hzw",14,22,105,1/7/2019 12:11
5-Star @OLuFootball WR Kyle Ford. (@Ford_Kyle6) has signed his Letter of Intent with #USC #FightOnhttps://twitter.com/DaGman7/status/1093169444598104064Â â€_,8,15,139,2/6/2019 7:30
@insidetroy Is your team covering Full-Pads Scrimmage at SC today? #USC @ThePeristyle,0,0,0,4/1/2019 8:21
Leave the old you in the Stone Age. #Plugintothepresent,76,99,601,2/7/2019 9:04
"Former #USC recruit Bru McCoy has signed a financial aid agreement to go to transfer to #Texas, per source. Yahoo first reported the 5-star WR's transfer.https://twitter.com/BruceFeldmanCFB/status/1088815979713437697Â â€_",30,83,288,1/25/2019 13:37
Audio: #USC assistant coach discusses sweeping #BYU and the team's recent winning streakhttp://www.offtheblockblog.com/2019/03/audio-usc-assistant-discusses-sweeping-byu-recent-winning-streak/Â â€_,0,0,4,3/30/2019 22:59
The Clay Helton Golf Classic will be March 25. Finally a chance for Helton to be in same location as his athletic director #USC,8,5,68,2/25/2019 13:11
My pleasure. Great to see two US college teams (menâ€™s & womenâ€™s) out here in Melbourne battling away. #USC #SouthCarolina @AustralianOpenhttps://twitter.com/ITACEO/status/1087516675740700673Â â€_,3,9,196,1/21/2019 17:55
"THE WAR ROOM: This week we share more details on #USC's new hire for the Director of On-Campus Recruiting position. Plus, we discuss where the Trojans stand with multiple 2020 prospects.

http://247sports.com/college/usc/Article/USC-Trojans-football-recruiting-lynn-swann-graham-harrell-clay-helton-jt-daniels-129370323/Â â€_pic.twitter.com/GqsaARkzDO",0,9,38,2/22/2019 7:02
#USC basketball adds grad transfer guard from Columbia. Adlesh averaged 13.5 points per game this season and made 180 3-pointers in his time there. https://twitter.com/QuintonAdlesh/status/1112760133745065984Â â€_,0,0,6,4/1/2019 12:47
"Santa Ana (Calif.) Mater Dei OL Myles Murao recaps weekend visit to #UCLA, will see #USC this weekend and has several other schools he's hoping to see later this off-season
https://247sports.com/Article/Myles-Murao-recaps-visit-to-UCLA-hearing-from-USC-LSU-Michigan-Oregon-and-Washington--130230585/Â â€_pic.twitter.com/BUmW1qLcOv",0,11,51,3/18/2019 8:30
"Three dead students in a week at #USC yâ€™all be careful out there, take care of your health, take care of your mental health, and utilize the buddy system when going out",1,1,1,3/30/2019 13:30
"#USC pitched one of the top offensive linemen in Southern California on playing a new position: ($)

https://247sports.com/college/usc/Article/USC-recruiting-Myles-Murao-offensive-line-center-get-on-field-as-freshman-130604972/Â â€_pic.twitter.com/ZScZs6KyDv",2,3,13,3/29/2019 13:59
"Trojan Sample Sale TODAY at Galen Center Team Store, 7am to 4pm! Save on apparel starting at $10! #usc #fightonpic.twitter.com/pbtQG7Zmmm",0,0,6,3/29/2019 8:24
Most experts didnâ€™t think Kliff was gonna get those NFL head  jobs...but denying the interview process to an up and coming coach is a horrible administrative error #USC,21,26,274,1/5/2019 14:33
"Starting 2019 with a grateful heart. 

Iâ€™m so lucky I spent time with family & friends, made new friends, joined a great church community, traveled, lost my voice at a few #USC games and made a career change from news to sports in 2018. Happy New Year! pic.twitter.com/o9iPg5e5V3",1,0,62,1/1/2019 13:06
"Good for USC... You shouldnâ€™t be able to sign HS kids who believe they will play for Kingsbury and let him walk right out of the door a few weeks later. If he wanted to coach in the #NFL, he didnâ€™t have to take the #USC OC job.. He couldâ€™ve waited and pursued a pro gig https://twitter.com/AdamSchefter/status/1081609339771764736Â â€_",85,116,742,1/5/2019 10:48
And youâ€™re a starting DT with the Dallas Cowboys with a #USC degree https://twitter.com/AntwaunWoods_/status/1090304310595014656Â â€_,3,20,188,1/29/2019 9:55
"I don't think anyone from the Air Raid tree is surprised Graham Harrell has risen up this quickly in coaching. He is a third-generation coach, whose father and grandfather were successful HS coaches in Texas, and Harrell ran Leach's system better than any QB ever has. #USC https://twitter.com/BruceFeldmanCFB/status/1090108583797088256Â â€_",18,105,571,1/28/2019 21:28
"Lynn Swann's confirmed calendar:
January: Pebble Beach, Riviera
February: Wilshire Country Club
March: Sawgrass golf course (Fla.); Virginia autograph show
April: Masters golf tournament (we think)
#USC",9,7,48,4/1/2019 19:58
"Those who work together, play together.

These two Portsmouth coworkers won big on the recent March 27 #Powerball drawing - to the tune of $150,000!

Shout out to all the other lottery work teams out there!  #WinnerWednesdaypic.twitter.com/peZtQdlaXO",0,0,4,4/3/2019 11:43
#USC WR commit Puka Nacua gets open at @19AllAmerican practice: https://247sports.com/player/puka-nacua-46039709/Â â€_pic.twitter.com/WpsKBdpDs0,1,22,142,1/1/2019 12:28
Take the sticks of Extra Gum (and the compliment)! #GiveExtragetextrapic.twitter.com/MPFKPIuVa6,123,201,2.2K,1/7/2019 6:02
5-Star LB Justin Flowe is at #USC today with his @Uplandfootball teammates @USCScoop #FightOnpic.twitter.com/LgbWes0bwO,4,18,160,3/26/2019 15:10
"Stop Veteran Suicide! The campaign for THE GATEKEEPER officially launched yesterday. Join the fight today!

LINK: https://igg.me/at/thegatekeeper/xÂ â€_

#thegatekeeper #thegatekeeperfilm #usc #military #veterans #campaign #kickstarter #indiegogo #thesis #ptsd #film #shortfilm #hydehooliganspic.twitter.com/xlUlbwB9cx",1,1,3,3/28/2019 16:45
"#USC freshmen class acceptance rates: 
2014 17.8 percent
2015: 17.5
2016: 16.5
2017: 16
2018: 13
2019: 11",14,10,62,3/28/2019 13:30
Are you going to pay for her #collegeadmissionsscandal at #USC too?,0,0,1,3/31/2019 13:06
"#NFLCombine key measurements threadâ€_

26. #USC OT Chuma Edoga
Height: 6-3 4/8
Weight: 308
Hand (right): 9 2/8
Hand (left): 9 5/8
Arm: 34 6/8
Wingspan: 81 4/8",1,20,49,2/27/2019 5:51
"If it's Friday, it's time for a #USC notes column
https://insideusc.blog/2019/03/29/if-its-friday-its-time-for-a-usc-notes-column-31/Â â€_pic.twitter.com/oyVSxxz555",0,4,6,3/29/2019 11:16
@ConnieScouts and @JKirschnerSC talk about Connie's experience as the NFL's first female scout #ascj #aisms #uscannenberg #usctrojans #usc pic.twitter.com/AOPVuwWSkn,0,3,10,3/25/2019 22:17
"#USC â€œreportersâ€ù claim QB Kedon Slovis could end up winning the starting job for #FightOn. Of all the crazy things theyâ€™ve ever said, this might be the craziest.",0,1,11,4/1/2019 18:35
"Lynn Swann was my idol growing up in Pittsburg. But he is unqualified to be #USC's athletic director, just like Pat Haden was.",6,0,47,4/1/2019 22:50
What a play call by Premium for a TD throw by #USC commit Bryce Young with two seconds now going for two to win https://247sports.com/player/bryce-young-93127/Â â€_pic.twitter.com/edvyKF1gUW,8,47,233,3/31/2019 12:35
This is tough became 95% of the people you come across at #USC are awesome. But most of them are not wielding the power at the university.,8,6,133,3/13/2019 21:59
Pictures from Holi...filled with colors at #USC pic.twitter.com/FlkY8GUpPk,0,2,10,3/26/2019 12:20
This is happening today at #USC. #NipseyHusslepic.twitter.com/BGre6SsIyW,0,8,21,4/1/2019 10:51
"Alex P. Thorn Founder iAstra Media Group http://www.equitybuyers.net/2019/03/alex-p-thorn/#.XJ0TeD3JRxY.twitterÂ â€_

 @angelicaamarand @alexanderpthorn @jeanmovie @iastralive @AlexPThorn @URockMeTV @IFilmFeatures 
#ucla #usc #News #Release #iastranews #usd #crypto #entertainment #sharemovies #movienight  #deplorables #maga",1,18,24,3/28/2019 11:34
The perfect fit!  #GiveExtragetextrapic.twitter.com/I8dAykSMT1,163,386,4.3K,1/21/2019 5:56
"Have fun in college dude, see you in 5 months! Donâ€™t forget about me in Cali #USC  pic.twitter.com/LdSFnTbxNI",0,2,11,1/1/2019 11:35
"#BREAKING:So the kid whose mom BOUGHT HER a spot at @USC, found out her mom had been arrested while on a yacht OWNED BY the Chairman of #USC's board of trustees? WTH?

#TheResistance #lorilouglin #OliviaJade #CNN #MSNBC #Yahoo  #SundayThoughts #FBRPartyhttps://www.tmz.com/2019/03/13/lori-loughlin-daughter-olivia-yacht-usc-board-of-trustees-rick-caruso/Â â€_",7,31,52,3/17/2019 19:15
"Do you have a #USC workshop, seminar, etc. that you want to advertise through the Office of Research? Visit our calendar and click on ""how to submit your event"" for more information: http://bit.ly/USCResearchEventsÂ â€_pic.twitter.com/l0qOLnTStP",0,3,2,3/28/2019 13:32
"Just locked in our unofficial visit to #USC on March 9th . We are looking forward to this one #FightOn 
@Scott_Schraderpic.twitter.com/CJ7zWg8s9S",3,14,63,2/15/2019 10:13
Sick little #alien exhibition at #usc pic.twitter.com/OuJomdmEd3,0,2,11,4/1/2019 4:32
#USC wide receiver commit Puka Nacua  and #Trojan wide receiver target Bru McCoy first day of All-American Bowl practices.pic.twitter.com/QN3Ct5h9EG,2,11,92,1/1/2019 11:15
Yeah get rid of the #USC.. Thanks,0,2,3,4/2/2019 16:15
Lol...This is a bad look. #USC #NCAAScandal  https://www.tmz.com/2019/03/13/lori-loughlin-daughter-olivia-yacht-usc-board-of-trustees-rick-caruso/Â â€_,2,10,23,3/14/2019 5:55
"Thank you to @USCPrice & @USCLAA for hosting an incredible Power Shift Book Event yesterday evening! A fantastic turnout of students, alumni, and leaders from USC & the community! #PowerShift #USC #MakingADifferencepic.twitter.com/08tBscIpwt",0,2,2,4/2/2019 12:25
#LoriLoughlin and #FelicityHuffman should consider donating! #USC http://bit.ly/2HjUTsz,1,13,42,3/14/2019 14:21
Just saw a dude at B-Dubs wearing a #USC hoodie. So I nodded at him at said â€œFight on manâ€ù.  I donâ€™t think he even knew I was showing him some love for his gear....,1,0,2,3/29/2019 16:25
Kevin Porter Jr is a dawg  #USC,0,1,0,4/1/2019 23:28
"#USC TE target Darnell Washington is unlike any tight end you've ever seen at 6-foot-7.5, 248 pounds and running a 4.7: ($)

https://247sports.com/college/usc/Article/USC-recruiting-Darnell-Washington-tight-end-dynamic-weapon-Georgia-Penn-State-Oregon-Michigan-130601868/Â â€_ pic.twitter.com/xUyS7hIiOo",8,11,112,3/27/2019 21:30
"New Peristyle Podcast episode with @CoachHarveyHyde's report from #USC spring football. Three weeks down, two more to go with the Spring Showcase coming up on Saturday. https://247sports.com/college/usc/Article/Peristyle-Podcast-Harvey-Hyde-USC-spring-report-130776165/Â â€_pic.twitter.com/1cgCP3gic9",0,4,19,4/1/2019 12:12
"Me taking a stab at capital ""J"" journalism. Found this gem in the #USC DPS crime log. Get me my Pulitzer. #journalismpic.twitter.com/Xvz792PubN",0,0,8,3/25/2019 19:18
What ya get with future #USC RB Kenan Christon (@KChriston_Jr) is A LOT of  #FightOnhttps://twitter.com/KChriston_Sr/status/1107117554156199936Â â€_,2,6,60,3/17/2019 16:31
Michael Quick was the right-hand man for Max Nikias #USC https://twitter.com/dailytrojan/status/1113153679912079365Â â€_,8,6,10,4/2/2019 12:00
"A potential reunion 10 years in the making: Free agent S Taylor Mays is working out for the #Seahawks tomorrow, source said. The former #USC All-American, who is flying there now, could rejoin his old coach, Pete Carroll.",92,327,1.7K,4/2/2019 14:25
Watch #USC five-star QB commit Bryce Young highlights from this past weekend's Adidas 7-on-7 National Championship: https://247sports.com/Article/Watch-five-star-USC-commit-Bryce-Young-at-Adidas-7-on-7-National-Championship-130777669/Â â€_ @gmartlive @insidetroy,1,18,68,4/1/2019 12:02
"crazy thing is I was dying at this photoshoot cause I was sick asf. But I assisted this shoot for my buddies vintage page. The vibes was real so I couldnâ€™t just sit it out. Thanks kboogy for being apart of this. 

#USC #LosAngeles #Californiapic.twitter.com/MfSN76QHrG",1,1,12,3/26/2019 21:55
#USC offers 2020 4 WR Bama commit out of Baltimore. https://twitter.com/300_sh0wtime/status/1112446214648283138Â â€_,0,0,3,3/31/2019 13:22
"Alyssa Pili from Dimond HS in Alaska (#usc)  and the #40 player in the country, best 2nd half performance I have ever seen. Scored 38 of her game high 44 points in the 2nd half before fouling out",4,29,86,1/5/2019 21:16
"I think all the students who were denied admission to  #USC during this time period, should start a class action lawsuit against the school or any other university who committed similar fraud!

https://www.tmz.com/2019/03/13/lori-loughlin-daughter-olivia-yacht-usc-board-of-trustees-rick-caruso/Â â€_",6,23,51,3/13/2019 16:05
"The depature of Michael Quick, #USC provost and senior vice president for student affairs, will be cheered by many who felt he was part of the problem in recent scandals that plagued university",5,3,18,4/2/2019 12:14
@_bryce_young shows up in Tampa (FL) and everyone's loving #USC @USCScoop #FightOnpic.twitter.com/fSsX7MNc0Y â€“ at Tournament Sportsplexof Tampa Bay,0,12,42,3/31/2019 13:25
"Top USC officials stepping down as university tries to set new course
https://www.latimes.com/local/lanow/la-me-usc-administrators-retirement-20190402-story.htmlÂ â€_  #USC",0,0,0,4/2/2019 16:09
Only thing of note from #USCâ€™s Saturday practice: Warren G (@regulator) came up to @dweber3440 and told him he was â€œholding it downâ€ù It was as awesome as it sounds,3,15,83,3/23/2019 11:47
"Every hour this gets worse. Former #USC athletic administrator Donna Heinel was also getting paid for her outside consulting firm helping kids navigate the NCAA clearinghouse, holding seminars for cash on campus.  Nice job here by @BradyMcCollough. https://www.latimes.com/sports/usc/la-sp-usc-heinel-admissions-corruption-20190313-story.htmlÂ â€_pic.twitter.com/BJkogn9CZc",35,90,214,3/13/2019 22:48
He'll be at #USC this summer. https://twitter.com/BTIHoops/status/1109667453288636417Â â€_,4,16,133,3/24/2019 7:48
This is not a good look. Fly across the country to sign autographs for cash instead of dealing with all of the problems in the #USC athletic department. https://twitter.com/latimes/status/1112911289028919297Â â€_,56,42,310,4/1/2019 22:43
"#USC Football Fans Rejoice!

Check out our USC channel on @YouTube. Featuring analysis from:

@InsideUSC 
@Pete_Ghersen 
@MattALowry 
@alwayscompete 
@PenguinOfTroy 

https://www.youtube.com/channel/UCHfbjeX1bvPzmrA8ALe4ypA?view_as=subscriberÂ â€_pic.twitter.com/YTBxrAcxFP",2,1,5,3/30/2019 22:18
"If Lynn Swann is showing a spine blocking Kliff Kingsbury's NFL interviews, why wasn't he so tough when evaluating Clay Helton? #USC",16,21,175,1/6/2019 11:31
BREAKING: #USC football team loses a key recruiting support staff member. The already short staffed recruiting support team will need to add more qualified members this off season to keep up with the evolving college football landscape. #FightOn https://247sports.com/college/usc/Article/USC-football-loses-key-recruiting-support-staff-member-130187339/Â â€_pic.twitter.com/pV7pU5UE2j,23,36,78,3/17/2019 8:05
Houston (Texas) safety Dorian Hewett commits to #USC as predicted this week. Nice under the radar get for the #Trojans. Hewett from No. 1 ranked North Shore running sub 10.7 100-meters.https://twitter.com/thefuture124/status/1092966683566731269Â â€_,2,21,173,2/5/2019 18:05
What's that? What's that you say? I have to get off this yacht today? Lori Loughlin's daughter was on #USC Trustee's yacht in the Bahamas when she got word her mom was being hauled into court for college cheating scandal. #Fox35https://www.foxnews.com/us/lori-loughlins-daughter-was-in-usc-officials-yacht-when-mother-was-chargedÂ â€_,16,10,46,3/14/2019 4:17
5-Star #USC QB Bryce Young & Big-Time 4-Star St. Louis (MO) WR Jordan Johnson (@jjohnsonj1) #Adidas7v7Nationals @USCScoop #FightOnpic.twitter.com/KJirpSIBrG â€“ at Tournament Sportsplexof Tampa Bay,1,12,83,3/30/2019 12:45
The #USC band marches in the 1975 Rose Parade pic.twitter.com/M1uK8hyEmi,1,8,33,1/1/2019 10:59
"#DYK As a teenager, #LeVarBurton intended to enter the Catholic priesthood.  He even attended a seminary for high school.  He changed course upon graduation and went to #USC on a drama scholarship. pic.twitter.com/NitL9HuoEN",0,1,2,4/2/2019 6:40
*** Former 2-time #RoseBowl Winner and #RoseBowl MVP #USC #QB #10 John David Booty ***,0,2,9,4/1/2019 14:06
"No summer vacation for carolinians yet. Sad reacts
#memes
#USC pic.twitter.com/OiWg584Dek",0,0,1,3/30/2019 3:15
"Throw back to when I met G-Rex, #usc #WRECKAGE canâ€™t come soon enough!!!!!!pic.twitter.com/blnmIoXz95",0,0,2,4/1/2019 11:09
"#USC PR hasn't exactly been on point lately. This is something you could shelve for a few weeks or just forget about doing altogether. 

Was there really a meeting where they decided, ""You know, today seems like the perfect day to announce a tuition hike."" https://twitter.com/AnnenbergMedia/status/1107770531909001217Â â€_",44,60,305,3/18/2019 16:13
Michael Quick will remain as a faculty member at #USC. Max Nikias still has a title and office. No one ever actually leaves,9,5,25,4/2/2019 13:23
"Want to learn more about the Teachers of Promise Institute? 

Visit their site: http://www.teachersofpromiseinstitute.com",0,0,2,3/29/2019 16:14
"Huge Week at #USC for the January Enrollees!!

QB, Kedon Slovis, WR Bru McCoy, TE Jude Wolfe, SDE Nick Figueroa (JC), DE Drake Jackson, OL Gino Quinones, LB Ralen Goforth, LB Stanley Taufoou, CB Max Williams and DB Briton Allen are officially #Trojans this week #FightOn pic.twitter.com/T34Nt4vduF",13,34,257,1/7/2019 10:29
Hello Los Angeles. We will leave our mark. #BLASTProSeries #USC #GalenCenterpic.twitter.com/1bzgNcUFm5,2,0,17,3/27/2019 11:00
#USC offers Elite Trinity Christian (MO) WR Mookie Cooper - Decommitted from #HookEm yesterday & Visiting the #Trojans today #FightOnhttps://twitter.com/uheardof5/status/1104498092299022336Â â€_,2,5,91,3/9/2019 14:33
"Lemme be Clear @Callmeush is MY FAMILY & whatever decision he makes is fine with me, the kid is A Scholar/Athlete and Amazing person first & foremost. Sorry things didn't work at #USC.... but that kid is Off Limits to ya'll Critiques.
#MiFamilia #GaBoysBasketball",3,2,16,12/31/2018 18:37
"We attended our first #USC practice today. It was an awesome experience! I even snagged a picture with @dbailey_18  (Of course, I was talking when my hubs snapped the picture ) #FightOnpic.twitter.com/OnHik1XEDU",4,3,40,3/30/2019 14:32
"TOMORROW! The @USC Homeland Security Student Organization will be hosting a lecture w/ Aquil Basheer (@grandmaster11) focusing on Gang Intervention. 

RGL 101 at 1:00pm - free pizza! RSVP TODAY, seating is limited:
https://www.eventbrite.com/e/hsso-presents-first-annual-lecture-series-with-aquil-basheer-tickets-58501253825Â â€_ @USC @USCPrice #USC #FightOnpic.twitter.com/g65f2tvKNR",0,5,9,3/28/2019 8:52
"It's not the events of your life that define you, but the MEANING you attach to those events. 

CLICK HERE TO WATCH/LISTEN!!!
http://linktr.ee/edmylettÂ 

Finding Light in the  Darkness - with @JakeOlson61 #usc #footballpic.twitter.com/bCPckT2AXm",15,45,155,1/16/2019 8:41
"#FollowsTheMoney â€œProsecutors charged #BillMcGlashan, a founder & managing partner at #TPGGrowth â€” which has made landmark investments in companies like #Uber and #Airbnb â€” on #fraud allegations for trying to engineer the admission of his son to the #USC.â€ù https://www.recode.net/2019/3/12/18262003/bill-mcglashan-college-admissions-scandal-tpg-stanford-usc-yaleÂ â€_",1,26,24,3/12/2019 19:43
if only sheâ€™d gone to the classes her mom paid $500k for #usc pic.twitter.com/EfNf7EJ2ao,0,0,1,3/28/2019 7:26
Our EASC Faculty Feature for March is David Kang! You can read his full feature on our Instagram page @USCeasc here: http://bit.ly/2WuXnb3Â   @daveckang #usceasc #facultyfeaturefriday #usc #uscdornsife #uscsir #friday #facultyappreciationpic.twitter.com/q8dk6g2aD4,0,1,4,3/29/2019 13:00
Always a pleasure to share my law enforcement experiences and discuss leadership with students from the @uscsocialwork program.  Trust and Transparency. #USC #LAPD #FightOnpic.twitter.com/d0TSteCq15,1,6,45,3/29/2019 23:19
FREE: Harbor City (Calif.) Narbnne wide receiver Josh Jackson discusses his commitment to #USC Saturday after watching the #Trojans first scrimmage of spring:https://247sports.com/college/usc/Article/Narbonne-wide-receiver-Josh-Jackson-commits-to-USC-130434839/Â â€_,0,23,113,3/23/2019 12:56
"The football world-especially #USC football fans has lost their 12th-man..He would have started on any team I coached because of his loyalty, dedication and smile-His name @garrypaskwietz-Garry passed away Sunday evening-a loss to the #TrojanFamily and football world-#WeAreSCpic.twitter.com/AViZccxMzA",11,18,186,1/21/2019 9:30
"Pulled up and earned an offer from #USC Congrats Mookie 
@Scott_Schraderhttps://twitter.com/uheardof5/status/1104498092299022336Â â€_",1,5,71,3/9/2019 16:59
"#USC 4-star WR commit Puka Nacua @AsapPuka says he isn't deterred by the #Trojans adding fellow star WRs Bru McCoy and Kyle Ford to a stacked WR class. ""No, no, I'm still committed,"" he said. Full comments, plus McCoy's input on the matter:https://usc.rivals.com/news/puka-nacua-reacts-to-usc-s-latest-wr-additions-i-m-still-committed-Â â€_",3,19,114,1/5/2019 16:41
"Mom, dad, and the city of El Monte, this one is for you! #Admitted #USC #MPApic.twitter.com/pwoA35V3Kr",14,16,221,2/26/2019 18:44
"I was interviewed by the AP for this article about the many scandals at #USC. 
https://apnews.com/9b275df1d85541fb90094c51c53e676aÂ â€_",20,15,139,3/17/2019 12:54
Happy Blessed Birthday to my beautiful baby girl Nyah Grace!!!  #Hermosa #Steelers #USC @TeamJuJupic.twitter.com/iKNnd3nsrv,0,0,6,3/27/2019 17:18
They not ready @MobleyIsaiah #USCâ€™23 #Fightonpic.twitter.com/jFl9MhxqBO,2,15,79,3/25/2019 18:37
You might get to use it after all! #USC #Texashttps://twitter.com/BeverlyPham/status/1082743852354555904Â â€_,7,13,97,1/24/2019 8:54
5-Star #USC QB commit @_bryce_young to #RollTide WR commit Traeshon Holden  (@300_Sh0wtime) for the @premiumsportsla TD @USCScoop #Adidas7v7Nationalspic.twitter.com/ouBSyljupS â€“ at Tournament Sportsplexof Tampa Bay,5,42,218,3/30/2019 12:53
"On this day in 1951, Mickey Mantle hit his legendary ""650-foot"" home run at Bovard Field that landed in the middle of a spring football practice as the Yankees played #USC before a standing-room only crowd. USC manager Rod Dedeaux and Yankees manager Casey Stengel are pictured pic.twitter.com/1GdsMy4w4h",2,13,64,3/26/2019 17:02
"Got a glimpse of the Impact 5-Star QB Bryce Young can have on #USC Recruiting - He was just as impressive on the field at the #Adidas7v7Nationals Sat. in Tampa (FL) - 

Weâ€™ve got SCOOP on Several priority targets for the #Trojans

LINK: https://trojaninsider.com/forums/1/topics/5862Â â€_ ($) #FightOnpic.twitter.com/Xodf5JfzQc â€“ at Tournament Sportsplexof Tampa Bay",0,15,48,3/30/2019 20:50
"At the Virginia Lottery, we're proud and passionate about supporting public education!

#GoodFunForAGreatCause",0,0,2,3/29/2019 16:14
"It's that time #USC folks! We're recording an episode of Reign of Troy Radio tonight and we need your questions for the mailbag.

Send them in now!",13,1,17,4/1/2019 19:07
"Privilege and exclusion are upheld in a lot of ways at #USC, including via the excessive policing of the surrounding community  https://la.streetsblog.org/2019/03/01/handcuffing-of-cyclist-by-usc-public-safety-raises-questions-about-tactics-oversight-accountability/Â â€_ #BriberyScandal",2,8,22,3/15/2019 11:37
"Listen, youngsters, this is just a speed bump. You will learn from this, you will grow from there. The future is bright! It always is! The #CollegeCheatingScandal is nothing to take your life over!!! https://perezhilton.com/usc-student-suicide-bribery-scandal/Â â€_ #LoriLoughlin #OliviaJade #USC #FelicityHuffman",7,6,41,3/22/2019 16:00
#USC offers 2021 Dallas (TX) QB Preston Stone #FightOnhttps://twitter.com/_prestonstone/status/1113203530951811074Â â€_,0,7,43,4/2/2019 15:53
"LOS ANGELES ! We are your recipe for #LASports! We appreciate EVERY follow and interaction! If your not already, give us a follow! If you want to join our team, slide into those DMs! #LARams #LAChargers #Dodgers #LAA #Lakers #Clippers #USC #UCLA #LAKings #Duckspic.twitter.com/ChAPYtIzMi",0,2,2,4/1/2019 21:30
"Instant Analysis: Dan and I have the news and notes from #USC's ninth practice of spring camp, including our evaluation of the Trojans' offensive line, quarterback battle, and more.

http://247sports.com/college/usc/Article/usc-spring-camp-jt-daniels-matt-fink-jack-sears-kedon-slovis-practice-report-trojans-graham-harrell-clay-helton-130702128/Â â€_pic.twitter.com/wv2fnz3Pq0",0,6,37,3/30/2019 14:10
#USC nabs the highest rated player on their board in Mater Dei (Calif.) five-star athlete Bru McCoy. He discusses the misconception surrounding #FightOn football this past season:  https://247sports.com/college/usc/Article/Mater-Dei-five-star-athlete-Bru-McCoy-officially-returns-from-San-Antonio-Texas-a-Trojan-127348417/Â â€_pic.twitter.com/sHD2qifPPk,2,37,184,1/5/2019 12:45
it all makes sense now. #LoriLoughlin #OliviaJade #USC pic.twitter.com/de2pnd5we4,8,183,864,3/13/2019 20:10
"Please do not devalue the students that worked their asses off to get into #USC and graduated #USC on their own merits! My son is not spoiled, received a stipend $500 scholarship and he & we worked hard to paid every penny of his tuition, etc #ProudMom #FightOnhttps://twitter.com/DigiPmpx13/status/1105569228566945793Â â€_",11,12,165,3/13/2019 9:32
What does a beautiful day look like? #FightOn #USC pic.twitter.com/zlBD1XnqDt,1,2,22,3/30/2019 9:14
BREAKING: You can NOW sign up for So Cal Science Writing Symposium in May on the campus of #USC. Tix will go fast! #science #writing,0,1,5,3/29/2019 17:00
SOURCE: #USC is expected to hire North Texasâ€™ staffer John David Baker as an offensive analyst. He is coming with new Trojans OC Graham Harrell. They worked together at UNT.,8,37,168,2/11/2019 13:19
I told my daughter to study hard apply herself and get excellent grades to get into #Smith and #USC! I wish I knew bribery and lying was an option! #TeamDl,46,88,621,3/13/2019 5:21
"Instant Analysis: Dan and I have the news and notes following the Trojans' second practice of spring. We discuss cornerback Greg Johnson's return, #USC's assistants making an impressive showing in their first media availability, and more. 

http://247sports.com/college/usc/Article/usc-trojans-spring-camp-practice-clay-helton-graham-harrell--129832446/Â â€_pic.twitter.com/23bmyVxw13",1,8,37,3/7/2019 19:52
The Eagle flies! The Eagle clears 6-4! Max Agbonkpolo has been a difference-maker in track for âÅ_@SMCHSAthleticsâÅ© since hoops ended - dual-sport athlete having some fun soaring! âÅ_@ocvarsityâÅ© âÅ_@SteveFryerâÅ© âÅ_@SMCHSEaglesâÅ© âÅ_#usc âÅ_@maxpolo15âÅ©pic.twitter.com/3k3eGTpGDx,1,7,31,3/28/2019 20:42
#USC offered Bellflower (Calif) St John Bosco WR Logan Loya at #Trojans Junior Day https://247sports.com/Player/Logan-Loya-46047339/Â â€_,0,20,90,3/23/2019 14:25
"I wish I had the power to give Samantha Josephson's father 5 minutes alone with the piece of shit that kidnapped & killed her. 
#WeAreGamecocks #USC",0,1,4,3/31/2019 9:36
Houston was a kicker at #USC. https://twitter.com/BruceFeldmanCFB/status/1098600522360213504Â â€_,10,11,43,2/21/2019 7:13
#USC's full spring practice schedule is here and all practices are going to be open to the public. https://247sports.com/college/usc/Article/USC-Football-spring-camp-schedule-2019--129472272/Â â€_pic.twitter.com/BpGCVgbBLp,1,7,28,2/26/2019 10:58
"A prominent #USC donor said people need to be fired â€œnot only at the top of the athletic department â€_ but also at the very top of the university itself.â€ù
https://insideusc.blog/2019/03/26/usc-morning-buzz-prominent-donor-wants-changes-at-the-top/Â â€_pic.twitter.com/cSZ0mh7jxO",9,12,96,3/26/2019 12:55
Check out @USCLeonardDavis â€“ 2018 in Review here: http://bit.ly/2JP1KfHÂ  #BioScience #Health #USC pic.twitter.com/pQLxURYf5P,0,1,2,3/28/2019 20:04
"On that note; I did a ""Tale of the Tape"" between the two teams; it harks back to the @NYDailyNews I'd read as a kid, when there was a big boxing match. Is there ANY bigger match than #USC vs #Stanford ?! Here's my piece - https://wp.me/p56Jja-1vWKÂ pic.twitter.com/xIqXFLnDss",0,3,13,3/30/2019 6:36
Right before #USC's new president arrives. https://twitter.com/dailytrojan/status/1113153679912079365Â â€_,10,6,30,4/2/2019 12:04
"The #USC startup competition has begun at the #USCInnovationSummit with pitches from Angeles Therapeutics (Preet Chaudhary) and Thomas Chen (NeOnc Technologies), both @KeckMedUSC researcherspic.twitter.com/yeeiKvILK6",0,0,10,3/27/2019 11:21
"Does a quarterback's height matter anymore for #USC?
https://insideusc.blog/2019/04/02/usc-morning-buzz-does-height-matter-for-qbs-anymore/Â â€_pic.twitter.com/BtWAIIy00m",1,0,7,4/2/2019 13:33
"What College Football national championship had the most stacked teams since the BCS era started?

#CollegeFootball #Alabama
#Clemson #Texas #OhioState #Miami #Auburn #Oregon #USC

(Year based on season, not when championship played)",1,1,1,12/31/2018 16:02
Very excited to be here! @ZignalLabs on the stage as well! #USC pic.twitter.com/PN3RNkmITo,1,0,3,3/28/2019 13:44
"We are excited to be partner with @BiocominLA for this year's #LA @cityofstem month. We hope more #USC researchers, faculty, and staff will join us at Iron Triangle Brewery for the ""Suds & Science"" mixer! https://twitter.com/BiocominLA/status/1112803390143098881Â â€_",0,0,4,4/1/2019 12:51
"Teaching @JKCorden how to slay with my fave one and only #PiteraEssence. Watch the full #BareSkinChat ep on @SKII_US Youtube! 
 
#skiipartnerpic.twitter.com/oiv2ca25n9",23,109,1.1K,4/1/2019 13:09
Canâ€™t afford the $500k to get Jeffrey into #usc but I can host an AList comedy show and pay for some books at Studio City Community College!  Come on out as I host a nite of #laughter wâ€_ https://www.instagram.com/p/Bvjd2_XlkNU/?utm_source=ig_twitter_share&igshid=6skj7pzu1f9cÂ â€_,8,7,148,3/28/2019 6:46
"Grad Transfer OL Drew Richmond on his Official Visit to #USC this weekend - Started 12 games for Tennessee in 2018 and was the No. 3 Ranked OT in 2015  @USCScoop #FightOn 

 @ScottRo83866595pic.twitter.com/D0HhUSMGoL â€“ at University of Southern California",5,16,99,3/24/2019 3:57
So if a rich person wants to send me $400 for a flight to LA to visit #USC on Admitted Students day that would be great,0,0,2,3/31/2019 9:27
"Suspect ID'd in #5points murder of #USC student. Nate Rowland. Here he is posing in front of the vehicle he used while kidnapping, sexually assaulting, and murdering a young woman. pic.twitter.com/OAjpRcCcZH",0,2,1,3/30/2019 16:19
#USC commit Bryce Young to Koy Moore for a second TD between the two this morning: https://247sports.com/player/koy-moore-46046675/Â â€_pic.twitter.com/yKlmQTKhc5,1,12,52,3/31/2019 6:22
"Dad, youâ€™re not wrong. So unfair #LoriLoughlin #USC pic.twitter.com/s0GTcpHHip",3,19,91,3/12/2019 20:45
@paramountnet is still airing #AuntBecky #LoriLoughlin #USC #Hallmarkpic.twitter.com/NtaiUYV6LB,0,0,0,3/27/2019 3:56
"Great hackathon over the weekend at #USC in LA. Amazing to see teams with no DLT experience pick it up so quickly. Big thank you to @bhaskark_la, @CCIUSC & @uscTBS for having #IOTA https://twitter.com/LewisFreiberg/status/1098234602655830016/photo/1pic.twitter.com/tRAAxOm13lÂ pic.twitter.com/E0uka3DcJL",1,48,139,2/20/2019 6:57
"There is a lot in here for #USC fans. Behind the scenes stories on some notable recruiting battles, what all goes into the job, how USCâ€™s recruiting staff size compares to other programs and why it was time for Eric Ziskin to walk away. A worthwhile in-depth read. https://twitter.com/ryanyoungrivals/status/1112846661993226245Â â€_",0,1,5,4/1/2019 15:40
"@lukejensen84 #lukejensen #familyreunion #davidblackstone #1800popcorn #popcorn 
Was an honor and oleasure meeting #tennis #champion And new friend LUKE JENSEN due to his motherâ€™s invite to a family reunion just outside #atlanta this past year. Luke was an #allamerican at #usc pic.twitter.com/G9xjrCyNpu",0,0,3,4/1/2019 6:58
"Unqualified USC Athletic Director  Inept USC Head Football Coach  Tone deaf USC Interim President

Playing the victim card does as much damage to the perception of #USC as the scandal itself. Shouldn't happen with a world class school of communication right on campus. pic.twitter.com/Jnb2EYUTgv",12,15,72,3/12/2019 23:40
USC Fire assisting USC Transportation with a wash down today! #USC #FireFightOn!pic.twitter.com/8OtBTPNQRv,0,0,4,3/30/2019 16:15
"Hahahaha, who needs money when you can just work hard #USC pic.twitter.com/E9Ob3FlpwD",2,8,57,3/23/2019 12:19
"BREAKING: #NorthTexas OC Graham Harrell just accepted the offer to become the new offensive coordinator/QB coach at #USC, per sources. The 33-year-old former NFL QB has helped UNT to Top 25 offenses the past two seasons.",131,878,3.2K,1/28/2019 20:45
"Up next at the ISI Graduate Student Symposium! Social #bot behavior, repeatable testbed experiments and fraudulent #cryptocurrency manipulations on social media. #USC pic.twitter.com/kbrOETn4IZ",0,2,20,3/26/2019 12:33
"Also a huge congrats to the incoming class of Trojans! Just FYI - if you have the chance to do both #UCLA and #USC (one for undergrad, one for grad). Please do. It's a huge cultural change (plus the rivalry), but it's pretty necessary for our upcoming life that's full of changes!",0,0,0,3/25/2019 17:51
Admitted to the dream school #FightOn #USC #SecuredtheBagpic.twitter.com/teqXjupKUl,3,10,98,3/22/2019 21:35
The Daily Trojan has an April Fools' Day opinion page today #USC pic.twitter.com/n1bOAg7C9O,2,2,7,4/1/2019 12:37
"Get the latest RNG video interview with 3-Star 2020 #California OC/OG Tautai Marks @Taiheeeem (6-3, 308) from MITT camp: https://www.recruitingnewsguru.com/interview-3-star-2020-mater-dei-ol-tautai-marks-covers-weight-room-and-recruiting/Â â€_ #GoVols #GoLobos #USC #Wazzu",0,5,25,3/26/2019 7:33
Congratulations @USCCreditUnion on the grand opening of the new USCCU University Village Branch! #ftsi #usc pic.twitter.com/fslEjA8PW5,0,0,0,3/29/2019 12:30
If someone touched the sandwich I left on the English department fridge there will be chaos let me tell you #USC,0,0,0,4/2/2019 16:11
"I asked #USC sports information of Kliff Kingsbury has resigned as the Trojans offensive coordinator. The response I got back was: ""Heâ€™s still listed on our websiteâ€™s ath dept staff directory.""",64,117,481,1/7/2019 12:40
#USC defensive end commit Drake Jackson has been excellent today. His speed backside is deceptive. pic.twitter.com/MLQV2MUcSH,3,15,137,1/1/2019 13:28
"Wouldn't be surprised if #USC pursues Jedd Fisch for vacant OC/QB coach job. Fisch did a good job improving UCLA's offense significantly after taking over, and has spent this season working with Rams and Sean McVay. Plus, he's worked with OL coach Tim Drevno before at Mich.",37,47,181,1/9/2019 6:37
People who can attend #USC practices & help with player/coach interviews is one immediate need. Contacting recruits and writing updates is another need!! #FightOnhttps://twitter.com/Scott_Schrader/status/1107702994294829059Â â€_,4,11,49,3/18/2019 11:09
"""Less than half a year before the name change [at the LA Coliseum] was expected to take effect, the deal has begun to unravel."" #USC $UALhttps://www.latimes.com/local/lanow/la-me-ln-usc-united-coliseum-naming-rights-20190330-story.htmlÂ â€_",0,1,6,4/2/2019 7:21
"Here is an envelope to a letter sent by #USC athletic director Jess Hill in 1963. Look at the football schedule: Oklahoma, Michigan State, Ohio State, Notre Dame pic.twitter.com/fFjsUzLXeN",8,6,33,3/28/2019 16:26
"More weekend highlights from #LSU target Koy Moore (@asap_koy).

The Rummel star & one-time #USC put on this weekend in Las Vegas, as one of #STM QB Caleb Holstein (@caleb_holstein6)â€™s clear favorite targets in the @LABootleggersâ€™ first tourney of 2019.

@CAMP_HARDY @JimmyDetailpic.twitter.com/oOzDUOiJk9",0,12,45,2/27/2019 13:14
"End of an era

Last time #USC QB commit @_bryce_young & @CoachPearson_ working together after 4 yrs of nothing but scoring and winning!! It's been a fun and exciting ride. Good luck Coach P this year at @WHSBearFootball @USCScooppic.twitter.com/3zxPgImQgm â€“ at Tournament Sportsplexof Tampa Bay",0,11,47,3/31/2019 7:43
Redshirt senior John Houston has moved from WILL to MIKE where he will be making the defensive calls for the #USC defense. We talked with Houston about his new role and responsibilities heading into his final season at Troy. #FightOn https://247sports.com/college/usc/Article/USC-linebacker-John-Houston-middle-linebacker-move-129856254/Â â€_pic.twitter.com/jHz9c6DKD7,2,15,83,3/8/2019 13:54
"2019 #Rivals250 Gilbert, AZ (Williams Field) Safety Noa Pola-Gates @NoaPola makes it official tonight, ending his recruitment and will sign with #Nebraska #Huskers #GBR from Hawaii, during the @polynesiabowl #PolyBowl2k19 over #USC & #ASUpic.twitter.com/L4I2eLas8N",2,27,298,1/19/2019 21:23
"#Houston also spoke with #Cal defensive coordinator Tim DeRuyter and #USC offensive coordinator Kliff Kingsbury about its job, according to sources. @38Godfrey first reported those conversations. But Dana Holgorsen has been the top target all along.",5,6,22,12/31/2018 21:50
Today we have our scholars checking out their future college before our visit to the science center  #usc #FightOn @CHeatonPhD @AspireInskeep @castillo387 @rgmarquez3 @Bryce2Browning @oaksinskeeppic.twitter.com/cwVAdL3qAH,1,3,17,3/25/2019 10:06
So #USC rowing team ended up ranked 12th in 2018. Imagine how good theyâ€™d be if all their slots were filled with actual rowers! pic.twitter.com/Pf5RJScF0R,20,20,170,3/15/2019 8:51
Is #USC losing its grip on West-Coast Recruiting? - Two 5-Star Prospects left the #Trojans off their list of Top Schools - They told us why & if that can change https://trojaninsider.com/s/1178/is-usc-losing-its-grip-on-the-west-coastÂ â€_ via @USCScoop ($) #FightOn,4,13,22,2/25/2019 17:53
Headed to #USC to share my 2 cents on making risk matter to executives to a group of business students. SFO is slightly noticeable under the clouds. pic.twitter.com/PBi69YZglQ,1,0,4,3/26/2019 8:25
Good news for #USC. Highest ranked signee. https://twitter.com/DaGman7/status/1093169444598104064Â â€_,5,6,175,2/6/2019 7:41
"With all the coaching scrutiny #UCLA basketball and #USC football has been under the last couple decades, you mean to tell me that they couldnâ€™t find a qualified black coach or even interview? Whatâ€™s really going on",1,0,1,4/2/2019 11:51
"LEGO Star Wars Death Star 10188 #USC brand new and sealed
https://goo.gl/6UKfJsÂ https://goo.gl/6UKfJs",0,0,0,4/1/2019 14:38
Helton confirms that CB Greg Johnson is out of the NCAA Transfer Portal #USC,5,9,136,3/9/2019 12:18
"#USC baseball upsets No. 1 #UCLA in series opener. 

Teams play at Dedeaux Field tmrw at 4 pm.https://twitter.com/ShotgunSprD1/status/1111853218357637120Â â€_",7,30,229,3/29/2019 21:51
Got a guess pass now i can walk around this whole campus #USC,0,0,1,3/30/2019 20:36
"#USC's running back rotation remains an area of great intrigue this offseason, but Markese Stepp has done everything he can to put his name in the mix so far.
https://reignoftroy.com/2019/03/27/usc-football-spring-camp-markese-stepp-making-case/Â â€_",3,14,93,3/27/2019 17:15
#USCâ€™s running backs and linebackers continued the pass protection drill we saw introduced on Thursday. We saw a lot of improvement from Stephen Carr and Markese Stepp.,0,2,17,3/30/2019 11:53
"While trying to rush through an inadequate class settlement  in federal court, USC continues to keep the facts of its sweeping sexual abuse investigation secret. We have sued, and are happy to discuss your legal rights. https://www.latimes.com/local/lanow/la-me-usc-sexual-abuse-investigation-secret-20190401-story.htmlÂ â€_ #USC #Tyndall",0,0,0,4/2/2019 9:38
"Is Lynn Swann OK? Like he's not in a jail or in a hospital or being held captive by a foreign country somewhere? He's a free man choosing to stay in hiding while the football program appears to be experiencing a meltdown. Correct?
#USC",23,27,204,1/24/2019 13:31
Who are the greatest offensive linemen in #USC history? Our @GsonJW takes a look at the top-5 greatest to wear the cardinal and gold. https://247sports.com/college/usc/ContentGallery/USC-Trojans-football-best-offensive-tackles-Ron-Yary-Tony-Boselli-Tyron-Smith-Anthony-Munoz-Sam-Baker-Ron-Mix-129520373/Â â€_ #FightOnpic.twitter.com/bERKH8gO3Y,13,6,29,2/26/2019 19:04
"Orem (Utah) offensive tackle Hunter Hill recaps his official visit to #USC, set to reveal his college choice on national signing day: https://247sports.com/Article/College-Football-Recruiting-Hunter-Hill-discusses-USC-official-visit-set-for-signing-day-reveal-128658786/Â â€_ (VIP)pic.twitter.com/v3LyQN9Lcz",2,17,68,2/3/2019 17:20
Asked a #USC spokesman if Kliff Kingsbury is still a member of the Trojansâ€™ coaching staff: â€œHeâ€™s still listed on our websiteâ€™s ath dept staff directory.â€ù,12,35,95,1/7/2019 12:38
Oh okay @the_minorities3 out here exposing these dumb ass students #usc #ucla pic.twitter.com/HLUjDyTI82,0,0,0,3/27/2019 4:28
"Had a blast talking with Dr. Adewale. From being a part of #USC's most celebrated senior class while supporting his family with stipend checks to becoming a Doctor of Psychology, his story is inspiring. His message: ""The best thing to do is treat people with love and respect."" https://twitter.com/insidetroy/status/1109239931707092992Â â€_",4,9,65,3/23/2019 8:29
GOT INTO USC ARTISTICALLY (dance) AND ACADEMICALLY!!!!!!! #USC #Classof2023 @clotapperpic.twitter.com/tHAb0jaVVv,11,24,101,3/23/2019 21:05
Celebrating the start of spring break and triple doctoral degrees with some fabulous school site administrators  #ausd #usc #fighton #@ArcadiaUnifiedpic.twitter.com/Px2z6WeaV9,0,1,31,3/29/2019 19:07
#USC Professor Anton Leuski of @USC_ICT pitches his startup Embody Digital at the #USCInnovationSummit happening now in Downtown LA http://bit.ly/usc-innov-summitÂ â€_pic.twitter.com/vtsevh6Amk,0,2,2,3/27/2019 11:45
#DrDre deleted a post about his daughter getting into #USC while poking fun at the #CollegeAdmissionsScandal http://bit.ly/2uBsHJuÂ pic.twitter.com/dKceAEQDKw,2,2,9,3/30/2019 18:00
USC/Nike Coach of the Year Clinic #SoCal #USC #football101pic.twitter.com/PRMzMndHe9,1,0,8,3/31/2019 17:28
Today #USC is an answer to the @nytimes mini crossword puzzle.pic.twitter.com/zl6UXgUxga,1,0,6,4/1/2019 8:54
Lynn Swann did sign autographs for free in 1973. A lot has changed since then obviously #USC pic.twitter.com/ZvL7GmQAYX,4,2,17,4/1/2019 18:26
"Track Season is here! Get ready for a Sensational Sophomore Season. #TeeTeeTerry #WhereMyTeebabies #FightOn #USC #Trojans  
: @kushalhollapic.twitter.com/7YPe1MvNWV",2,32,224,1/17/2019 9:24
Not going to enter that conversation :)) #FightOn #USC,0,0,1,12/31/2018 16:09
"Local and national media have called for Lynn Swann to be removed as #USC athletic director after the latest scandal to hit the athletic department. 
https://reignoftroy.com/2019/03/15/calls-lynn-swanns-ouster-rise-admissions-scandal/Â â€_",29,27,188,3/15/2019 10:39
SOURCE: Five-star WR recruit Bru McCoy name is now in the transfer portal. It went in at 2:08 PM PT today. McCoy started classes at #USC a few weeks ago.,113,241,868,1/24/2019 14:42
Safety Tips for #Uber and #Lyft #Riders Following #Killing of #USC #Student #SamanthaJosephsonÂ https://people.com/crime/safety-tips-uber-lyft-riders/?utm_source=twitter.com&utm_medium=social&utm_campaign=social-share-articleÂ â€_,0,0,2,4/2/2019 16:44
#USC defense tackles Ohio State tailback Keith Byars in 1985 Rose Bowl pic.twitter.com/Mz5XoPBB3a,1,3,42,1/1/2019 14:12
#USC targeting the technicians at wide receiver in the 2020 class with Graham Harrell at offensive coordinator. Loya one of the best at route running and catching the ball around. https://twitter.com/GregBiggins/status/1109566792718909440Â â€_,0,7,78,3/23/2019 15:14
In todayâ€™s #USC Recruiting Rumblings: 4-star CB Ayden Hector (@AydenHector2) says #Trojans are â€œstill high on my list.â€ù But that list is ever expanding amidst a flurry of big-time offers. Full story:https://usc.rivals.com/news/recruiting-rumblings-usc-still-high-for-4-star-cb-ayden-hectorÂ â€_,0,8,33,3/15/2019 17:24
"How many wins does Clay Helton need to save his job next season? #USC
https://insideusc.blog/2019/03/25/usc-morning-buzz-what-is-tipping-point-for-clay-helton-lynn-swann/Â â€_pic.twitter.com/wQ0HGCFnbL",39,2,8,3/25/2019 12:42
Looks like Olivia Jade transferred & is thriving. #OliviaJade #USC #crewpic.twitter.com/IMaghiUq6z,0,1,5,4/1/2019 1:27
"#USCâ€™s defensive back depth took another hit with the news of Talanoa Hufangaâ€™s broken collarbone. How will his injury impact the Trojansâ€™ physicality moving forward?

Dan and I have the news and notes from USC's seventh practice of spring 
http://247sports.com/college/usc/Article/usc-spring-camp-practice-report-trojans-talanoa-hufanga-graham-harrell-clay-helton-130563232/Â â€_pic.twitter.com/7gXFlVG5T5",1,5,26,3/26/2019 19:55
A fake #Uber recently robbed #LSU students. Life taken here at #USC. ALWAYS do this first:  Check the license plate before getting close to car. Check that photo and driver name match before entering. https://www.nytimes.com/2019/03/30/us/samantha-josephson-usc.htmlÂ â€_,0,13,10,3/31/2019 6:50
Head to Head #Tennessee commit Harrison Bailey vs #USC commit Bryce Young was  #MakeAPlaypic.twitter.com/yrhBBHG4PF,0,1,1,4/1/2019 11:16
"DAY 2 #USSF D EXTRA-  our coaches were in the classroom, on-field in live sessions progressing from coaches as players, to sessions with youth players- for getting feedback & peer review. This all goes back to improve the player's experience in their home clubs. #USYS #USC pic.twitter.com/QsaNybOTyx",0,1,5,3/31/2019 7:52
New diggs who dis?! Weâ€™re live! Call us with your burning #USC questions! (512) 488-6635 #tunnelvisionpic.twitter.com/SDBPK7owgT,6,5,45,3/27/2019 18:08
"THE WAR ROOM: This week we discuss #USC's latest scandal and explore AD Lynn Swann's relationship with Clay Helton and the Trojans' football team. We also share why safety Ykili Ross hasn't rejoined his former team.

Read here: http://247sports.com/college/usc/Article/lynn-swann-clay-helton-USC-Trojans-football-recruiting-ykili-ross-130106788/Â â€_pic.twitter.com/mKR6wRcSKu",5,9,42,3/15/2019 7:16
"And LA, I'm headed your way! 
#USC #SocialWork #DSW #DoctoralLyfepic.twitter.com/aEEgCfsLt8",3,0,8,3/29/2019 17:43
#USC running back signee Kenan Christon with his personal best in the 100-meters. I predicted Christon could go 10.4 this spring after making the state championships as a junior last year running a 10.58 FAT. https://twitter.com/KChriston_Sr/status/1107117554156199936Â â€_,3,17,120,3/17/2019 16:15
3 PF (Class of 2019) Jalyn McCreary has commited to South Carolina. Nice pick up for Frank Martin and his staff. #USC #Gamecocks #Spursup pic.twitter.com/RGtdgcTlRZ,0,0,2,4/1/2019 17:01
"business jew bitch  i was selected to be in the #USC #SeminarinEntrepreneurship with Paul Orfalea, yhuknow we out here  pic.twitter.com/iPMPgp0g1z",1,0,1,3/26/2019 12:16
Former Trojan and Bishop Amat Lancer. #USC https://twitter.com/PapaZuni/status/1112882180236107781Â â€_,0,0,1,4/1/2019 21:33
"Most #ESPN300 commits/signees (2019 class) Jan 28

#Alabama 25
#UGA 16
#GigEm #HookEm #Michigan 13
#Clemson 12
#Gators #LSU #ND #Sooners 11
#Auburn #Oregon #FSU 10
#PennState #Vols #OhioState 9
#USC 8
#Washington #Stanford 7 
#HailState 6
#Nebraska #SpursUp 5
#Arkansas #OleMiss 4",6,72,321,1/28/2019 5:48
Itâ€™s  there.. & it ainâ€™t coming down nikka .. YAKWTFGO  â€˜ April 6th  Next Saturday ..Come crank for a young nikka man .. Just leave the drama at home cause ion going for none of that this year.  #ccu #cu #fmu #scsu #uscu #moco #usc pic.twitter.com/hEvZaeqpUz,0,2,2,3/29/2019 9:18
#USC QB commit Bryce Young hits his top target so far this weekend in #Alabama commit Traeshon Holden for a TD at @adidasFballUS National Championship https://247sports.com/player/traeshon-holden-46052218/Â â€_pic.twitter.com/3LEgnEJgQ6,0,13,44,3/31/2019 6:16
Residency has begun! And there's bacon!! #USC #DSW #SocialWork #DoctoralLyfepic.twitter.com/CxpuHknxPH,1,1,2,4/1/2019 10:11
"How cool is this 

Future #USC OL Jason Rodriguez got to spend part of his 18th Birthday with #USC Legend & Hall of Famer Ron Yary!  courtesy of @ScottRo83866595 #FightOnpic.twitter.com/htmYmkz7Nm",4,11,62,3/9/2019 17:51
"More bullshit from our loser AD

Because if you, Lynn - the state of Troy is tenuous at best. 

@Lynn88Swann - Resign. You are no longer welcome @USC 

#USC #FightOn",0,0,2,4/2/2019 16:31
#KOS2019 about to start! #USC @Center4PRpic.twitter.com/tJkSY11zDn,0,0,1,3/28/2019 18:41
Report: Kliff Kingsbury is considering resigning at #USC #FightOn to pursue #NFL opportunities. Would obviously be a major development.https://sports.yahoo.com/report-usc-denying-nfl-teams-permission-interview-kliff-kingsbury-181810801.htmlÂ â€_,61,138,402,1/5/2019 15:25
Emilo Morales and Lucas Gordon are big time talents and great kids #UCLA #USC fun seeing them compete this spring  @USABaseball @TheBorasClassicpic.twitter.com/GubzIRHnNO,0,1,6,3/27/2019 7:01
#USC has offered Gardena (Calif) Serra WR LV Bunkley-Shelton https://247sports.com/Player/LV-Bunkley-Shelton-46037808/Â â€_ @_groundzer0,2,9,56,3/23/2019 13:49
"TRAGEDY: 21 y/o #USC (#SouthCarolina) student  #SamanthaJosephson found dead according to family, after getting into a this Chevy Impala, possibly mistaking it for a ride share car following a night at a bar according to reports. @FOX29phillypic.twitter.com/pxpYsxYFdB",1,21,17,3/30/2019 14:07
5-Star #USC QB commit Bryce Young and @premiumsportsla teammates RB Bijan Robinson & DB Lathan Ransom #Adidas7v7Nationals @USCScooppic.twitter.com/8Vfnud0Ks5 â€“ at Tournament Sportsplexof Tampa Bay,2,11,70,3/30/2019 11:37
"SCI Director, @esouthersHVE will keynote the @USC Black Alumni Association's annual Summit, ""The Way The World Works - For Us"" this Saturday, March 30th. Register today! Students are free! @USCPrice @USCBAA #USC #FightOn https://www.uscbaasummit4.com/Â pic.twitter.com/Jxf5Uce9TF",0,3,4,3/27/2019 9:19
"#NorthTexas OC Graham Harrell is a hot commodity. Last month, he turned down a chance to be the OC at UNC but now #USC & OKState are both showing interest in him for their vacant OC jobs. The 33-yr-old ex NFL QB has helped UNT to Top 25 offenses the past 2 years.",27,177,559,1/27/2019 9:09
"Weird to me how many people are using Keith Belton leaving #USC as a means to dunk on the program, when I think we all agree the program needs to live up to the standard of change in personnel/culture Lynn Swann promised. Canâ€™t have it both ways.",11,4,67,2/28/2019 8:46
Krazy #USC commit Bryce Young of Premium 7v7 launches bomb with 2 sec left to defeat Ground Zero at @adidasFballUS #National7on7pic.twitter.com/3NLRo7f5zK,2,2,17,3/31/2019 18:07
Is there any kind of collegiate scandal that #USC *hasn't had in the past 10 years?,8,31,191,3/12/2019 19:38
Footage of a Markese Stepp run from #USCâ€™s Saturday practice: pic.twitter.com/TKd7kjgZOY,3,9,45,3/23/2019 11:50
"#Alabama signee Taulia Tagovailoa, #Washington signee Faatui Tuitele, #USC commit Puka Nacua and un-committed  linebacker Henry Toâ€™otoâ€™o are being honored during a press conference for the Polynesian HOF HS  player of the year. The winner will be announced Friday night. pic.twitter.com/RXSmk40TYR",0,22,110,1/17/2019 12:22
Kliff Kingsbury leaving #USC to go coach Josh Rosen https://twitter.com/kwilli1046/status/1095140500598861824Â â€_,2,27,143,2/12/2019 16:43
Graham Harrell shares one reason why he became the Offensive Coordinator at #USC #FightOn @USCScooppic.twitter.com/KdJ9zRLSMi,0,8,53,2/25/2019 21:58
Top247 DB Noa Pola-Gates an enforcer in the third level: https://247sports.com/Player/Noa-Pola-Gates-46050931/Â â€_ #ASU #Nebraska #USC pic.twitter.com/MdU3LslLcY,16,42,337,1/1/2019 12:25
"M.G. Lord, a #USC professor, explains how the strong female-penned current incarnation of #CaptainMarvel was not always how the character was writtenhttp://thr.cm/DRIcBT",2,18,49,3/7/2019 0:42
"Progress checking race
#usc self driving car competition
#autonomousCar 
#RaspberryPi 
#ComputerVision pic.twitter.com/X2uGhbjoVe",0,0,0,3/25/2019 21:56
I hear you are gonna stop creeping on cheerleaders... April Fools' #USC,0,0,2,4/1/2019 12:36
That's a wrap! Thanks to everyone who took part in the ISI Graduate Student Symposium! CONGRATS to our award winners! And kudos to the awesome student organizing committee! Â #USC pic.twitter.com/S9RMJ6fDs9,0,5,27,3/26/2019 16:50
I'm at the UW Rose Bowl tailgate party. Bummed because #USC should be here and we should have their coach. Ah well. Fight On!  pic.twitter.com/FTmYFMBBhJ â€“ at Rose Bowl Stadium,7,3,56,1/1/2019 10:27
SOURCE #USC OC/QB coach Kliff Kingsbury is meeting with the New York Jets now regarding their head coaching vacancy.,246,1.1K,4.0K,1/7/2019 13:11
The SHADE #USC #DRDREpic.twitter.com/EAkldy4xsx,0,0,2,3/25/2019 7:12
"THE WAR ROOM: What are the latest developments involving #USC players in the transfer portal? Why was Bubba Bolden watching his former team practice Thursday?

Read here:
http://247sports.com/college/usc/Article/USC-Trojans-football-spring-camp-bubba-bolden-greg-johnson-velus-jones-129840780/Â â€_pic.twitter.com/0JYzw6ylTp",1,11,36,3/8/2019 6:58
2020 4-star out of Louisiana adds an offer from Les Miles. Heâ€™s currently committed to #USC. @JayhawkSlant @USC_Rivalshttps://twitter.com/asap_koy/status/1079892339668238336Â â€_,0,3,56,12/31/2018 16:12
@drdre i heard you donated 70 million to #USC back in 2013. LOL DAAAANG OWWIE pic.twitter.com/SkOMPMxMnp,0,1,1,3/31/2019 9:01
Mane Cali was so lit  Huge S/O 2 @RoSimonJr 4 the opportunity 2 run tha @Fast7v7 Supreme Team @ West Coast Invitational a memory that will last me a lifetime fasho  N the adidas gear that ainâ€™t  drop yet  now thatâ€™s love #AGTG #3StripeLife /// #USC pic.twitter.com/yJfmcWrHdY,0,13,75,3/12/2019 0:14
"Texas has added a major piece to the #Longhorns future in landing five-star Bru McCoy, who will transfer from #USC. https://247sports.com/college/texas/Article/Ex-USC-Trojans-signee-five-star-ATH-Bru-McCoy-set-to-enroll-at-Texas-Longhorns-football-recruiting--128303098/Â â€_pic.twitter.com/HjaO4Vvlt7",19,57,605,1/25/2019 15:20
"My niece graduates from high school in 52 days!  Yikes, where did the time go?!? #myruffryder #futuregamecock #usc pic.twitter.com/0aZeZ3Z5AT",0,0,7,4/2/2019 16:53
"Marlon Tupulotu is down 10 pounds, making explosive plays in Spring Camp and looking to do his part as #USC looks for a turnaround in the trenches.
https://reignoftroy.com/2019/03/29/marlon-tuipulotu-usc-football-spring-camp-explosive/Â â€_",2,13,57,3/29/2019 10:26
"Commitments on commitments! #USC picks up ANOTHER defensive back in three-star Centennial DB Jayden Williams (@OfficialxJayden) . More about the #Trojans latest secondary pickup (FREE) #NSD19:   

https://247sports.com/college/usc/Article/Jayden-Williams-USC-football-National-Signing-Day-2019-commitment-USC-recruiting-128726097/Â â€_pic.twitter.com/q0pcFlRCCi",3,20,104,2/5/2019 19:45
"""The perception that Swann cares more about playing golf than running an athletic department."" #USC
https://www.latimes.com/sports/la-sp-usc-swann-admissions-corruption-20190313-story.htmlÂ â€_",9,26,104,3/13/2019 18:25
#DrDreâ€™s Large Donation To #USC Resurfaces After Recent Post Of Daughterâ€™s Acceptance To The University. http://yallknowwhat.com/dr-dres-large-donation-to-usc-resurfaces-after-recent-post-of-daughters-acceptance-to-the-university/Â â€_pic.twitter.com/C2cj6eiCr7,0,0,0,3/26/2019 6:24
