ï»¿web-scraper-order,web-scraper-start-url,handle,name,content,replies,retweets,favorites,unix_timestamp,published_date,url1554328339-3071,https://twitter.com/search?l=&q=%23utaustin%20since%3A2019-01-01%20until%3A2019-04-03&src=typd&lang=en,@buffaloexchange,Buffalo Exchange,"Whether you like them ankle-grazing or down to the floor, high-rise vintage pants are a wardrobe must-have this spring!  Buffalo Exchange Austin
.
.
.
.
#BuffaloExchange #Austin #UTAustin #SpringFashion #SpringStyle #Vintage #VintagePants #VintageDenim #1960s #1970s #BandTeespic.twitter.com/Bgd5mZ0M16",,,,1.55423E+12,4/2/19 12:03,/buffaloexchange/status/11131550828019097611554328339-3074,https://twitter.com/search?l=&q=%23utaustin%20since%3A2019-01-01%20until%3A2019-04-03&src=typd&lang=en,@YourVibeVA,Choose Your Vibe - Arrive Alive!,"In 2018, there were 374 alcohol-related crashes with teen drivers in Virginia.  Be safe on the road this prom season. Keep the party alcohol-free. #MyVibeVA #ArriveAlive #AlcoholAwarenessMonthpic.twitter.com/7BwhyLQiik",1,5,12,1.55399E+12,3/30/19 16:05,/YourVibeVA/status/11121286388147732481554328339-3093,https://twitter.com/search?l=&q=%23utaustin%20since%3A2019-01-01%20until%3A2019-04-03&src=typd&lang=en,@KitOConnell,Kit O'Connell,"Local #antifa expose Infowars operatives Ethan Berman and Emily Shrode on #UTAustin campus 
https://austinautonomedia.noblogs.org/infowars-invasion/?fbclid=IwAR0c0tOxRQkGRbwJJaly6GdQnoXID9S_YkR8PQVhgUlHm6BH27_VbpBqxaAÂ â€_
#fcknzs",,2,2,1.5539E+12,3/29/19 17:08,/KitOConnell/status/11117822555953233931554328339-3112,https://twitter.com/search?l=&q=%23utaustin%20since%3A2019-01-01%20until%3A2019-04-03&src=typd&lang=en,@NewsForrest,David Forrest,"Starting this morning, #scooters will scoot a little more slowly at #UTAustin. https://twitter.com/austin360/status/1110496644963930112Â â€_",,,,1.5536E+12,3/26/19 5:55,/NewsForrest/status/11105256204323102721554328339-3117,https://twitter.com/search?l=&q=%23utaustin%20since%3A2019-01-01%20until%3A2019-04-03&src=typd&lang=en,@VectorMarketing,Vector Marketing,"We love our Longhorns! @UTAustin student John Squires is our #15 rep with $4,116 in sales for the week! #UTAustin

#Top20 #SalesRocks #PartTimeWork GIF theme #MicDroppic.twitter.com/N0AoFMyR8f",,,,1.55356E+12,3/25/19 17:50,/VectorMarketing/status/11103432817145692211554328339-3087,https://twitter.com/search?l=&q=%23utaustin%20since%3A2019-01-01%20until%3A2019-04-03&src=typd&lang=en,@MsHillCHCA,Amber Hill,STEM lab with biomedical engineering students  #utaustin @GEARUPCHISD @AVID4Collegepic.twitter.com/90iKJj8Zf9,,,,1.55371E+12,3/27/19 10:38,/MsHillCHCA/status/11109592414965350421554328339-3069,https://twitter.com/search?l=&q=%23utaustin%20since%3A2019-01-01%20until%3A2019-04-03&src=typd&lang=en,@UTexasNutrition,UT Austin Nutrition,Have questions about pursuing an RD career? Come out to Gregory Games Room on April 4th from some informative speed dating with ATXRD. Hope to see you there! #nutrition #RD #dietician #UT #UTAustin #RegisteredDieticianpic.twitter.com/7YFG2xhyV1,,2,4,1.55413E+12,4/1/19 7:10,/UTexasNutrition/status/11127187930574520331554328339-3073,https://twitter.com/search?l=&q=%23utaustin%20since%3A2019-01-01%20until%3A2019-04-03&src=typd&lang=en,@LandmarksUT,Landmarks,"Landmarks annual docent-led bike tour is coming up in one week! Don't forget to reserve your spot by Friday April 4 on our site!  The tour is April 7 from 11 to 1.
Lawrence Peart 
#landmarksUT #UTAustin #publicart
https://buff.ly/2O3jJxgÂ pic.twitter.com/XgXWRPcZ9W",,1,2,1.55405E+12,3/31/19 9:00,/LandmarksUT/status/11123841120887480381554328339-3051,https://twitter.com/search?l=&q=%23utaustin%20since%3A2019-01-01%20until%3A2019-04-03&src=typd&lang=en,@TriggerBailey,Shawn A Bailey,#UTAustin #WorkStudyInformationSession nearly 90 Supervisors and HR Partners Trained last Tuesday and today. Thanks to all the departments who attended!pic.twitter.com/XPNqLRqtH9,,,,1.55424E+12,4/2/19 15:17,/TriggerBailey/status/11132038282775101471554328339-3104,https://twitter.com/search?l=&q=%23utaustin%20since%3A2019-01-01%20until%3A2019-04-03&src=typd&lang=en,@AndrovettLegal,Androvett Legal News,#UTAustin included in Department of Education investigation of admissions practices over the #collegecheatingscandal https://atxne.ws/2TWRpCYÂ  by @ralphhaurwitz,,,,1.55365E+12,3/26/19 18:08,/AndrovettLegal/status/11107100233808240701554328339-3140,https://twitter.com/search?l=&q=%23utaustin%20since%3A2019-01-01%20until%3A2019-04-03&src=typd&lang=en,@ATXUpdates,ATX Updates,whos man is this #utaustin #atxpic.twitter.com/yA6CN8jSl7,2,17,31,1.54744E+12,1/13/19 21:34,/ATXUpdates/status/10846851560640839681554328339-3077,https://twitter.com/search?l=&q=%23utaustin%20since%3A2019-01-01%20until%3A2019-04-03&src=typd&lang=en,@_HerbBaker,Herb Baker,"Happy 64th birthday to my all-time favorite #Longhorn and Houston Oiler football player, Earl Campbell.  #HookEm #TylerRose #UTAustin #HoustonOilers #HallOfFamepic.twitter.com/J0KogpD0o3",2,,7,1.55389E+12,3/29/19 12:44,/_HerbBaker/status/11117158658279219211554328339-3132,https://twitter.com/search?l=&q=%23utaustin%20since%3A2019-01-01%20until%3A2019-04-03&src=typd&lang=en,@archiviststan,Itza,"Working at a university and in a city with a pretty rich scene of speakers has it perks. BUT if youâ€™re a scatterbrain like me, itâ€™s sometimes hard to keep up. Luckily I read emails

Catch this exciting event w/ @tjowens organized by @SAAUTX at #utaustin https://www.lib.utexas.edu/events/239",,2,16,1.5513E+12,2/27/19 12:02,/archiviststan/status/11008485551394365461554328339-3080,https://twitter.com/search?l=&q=%23utaustin%20since%3A2019-01-01%20until%3A2019-04-03&src=typd&lang=en,@honsololam,Hon Lam,Let's count how many @UTAustin graduation photos will take place here soon #UTAustin pic.twitter.com/pDMO38jW6d,1,,3,1.55379E+12,3/28/19 10:07,/honsololam/status/11113138963238584321554328339-3155,https://twitter.com/search?l=&q=%23utaustin%20since%3A2019-01-01%20until%3A2019-04-03&src=typd&lang=en,@NewsForrest,David Forrest,"""I love the fact that Texas allows him on the field and his majestic nature. I'll just keep my head on a better swivel and pay him more respect in the future.""
#UTAustin #Longhorns #Bevohttps://twitter.com/statesman/status/1080540777120444416Â â€_",2,,,1.54646E+12,1/2/19 11:18,/NewsForrest/status/10805439402632724541554328339-3062,https://twitter.com/search?l=&q=%23utaustin%20since%3A2019-01-01%20until%3A2019-04-03&src=typd&lang=en,@book_tribe,Book Promotion,â€¢ â€œWide Riverâ€ù: A young college student in need of summer work is persuaded to front for a kill buyer. Seven tales of the heartland. #utaustin #TexasAM http://goo.gl/UTTvxCÂ pic.twitter.com/n0LoPDI8Mj,,8,2,1.55422E+12,4/2/19 8:01,/book_tribe/status/11130940804084981831554328339-3108,https://twitter.com/search?l=&q=%23utaustin%20since%3A2019-01-01%20until%3A2019-04-03&src=typd&lang=en,@UTSOA,Texas Architecture,"Designed and digitally fabricated by students in @KoryBieg's studio, the ONDA wall merges architecture and art in our newly renovated West Mall Building. Read the story behind ONDA: https://soa.utexas.edu/ONDAÂ  
#architecture #design #digitalfabrication #utaustin pic.twitter.com/a2ZyePkg5a",,,1,1.55362E+12,3/26/19 8:59,/UTSOA/status/11105719574168043541554328339-3060,https://twitter.com/search?l=&q=%23utaustin%20since%3A2019-01-01%20until%3A2019-04-03&src=typd&lang=en,@MsHillCHCA,Amber Hill,Weâ€™ve been going all morning. I finally have the opportunity to share this experience with you. @CH_Collegiate scholars touring The University of Texas at Austin #utaustin @GEARUPCHISD @AVID4Collegepic.twitter.com/yZesYc3OTi,,1,10,1.55371E+12,3/27/19 10:36,/MsHillCHCA/status/11109588707998064651554328339-3101,https://twitter.com/search?l=&q=%23utaustin%20since%3A2019-01-01%20until%3A2019-04-03&src=typd&lang=en,@rainharvest,Rainwater Harvesting by IWS,"Beautiful day here in Austin for the WaterNow Alliance annual summit at UT Austin. @WaterNowOrg #wna2019
.
.
#waterconference #waterplanning #watersupply #infrastructure #onewater #austin #utaustin #texas https://raincat.ch/2OsXPnyÂ pic.twitter.com/AbXsOFXYD9",,,1,1.55371E+12,3/27/19 12:23,/rainharvest/status/11109857698360074251554328339-3081,https://twitter.com/search?l=&q=%23utaustin%20since%3A2019-01-01%20until%3A2019-04-03&src=typd&lang=en,@hff,HFF,"HFF closes sale of Austin student housing property http://bit.ly/2V29vjqÂ 

#HFFdealsdone #studenthousing #UTAustin #austinstudenthousing #austin #ATX #austinrealestate #propertysale #investment #CRE #commercialrealestatepic.twitter.com/dzWhWSmNCm",,1,3,1.55379E+12,3/28/19 9:29,/hff/status/11113042428521840641554328339-3113,https://twitter.com/search?l=&q=%23utaustin%20since%3A2019-01-01%20until%3A2019-04-03&src=typd&lang=en,@nc_magnolia,magnolia_nc,#utaustin,,,,1.55382E+12,3/28/19 17:58,/nc_magnolia/status/11114323998485094411554328339-3134,https://twitter.com/search?l=&q=%23utaustin%20since%3A2019-01-01%20until%3A2019-04-03&src=typd&lang=en,@QuantaMagazine,Quanta Magazine,ICYMI: Only quantum computers could solve this problem. Then an 18-year-old at #UTAustin showed how classical machines could do it too. https://buff.ly/2KduxFJ,1,12,37,1.54967E+12,2/8/19 14:41,/QuantaMagazine/status/10940031939593256981554328339-3075,https://twitter.com/search?l=&q=%23utaustin%20since%3A2019-01-01%20until%3A2019-04-03&src=typd&lang=en,@andrew_greule,Andrew Greule,"Check it out! One year ago today, a group of talented people got together to tell the inspiring story of Almetris Duren and the impact she had on the students of the University of Texas. #StillOvercoming #HowYouDuren #UTAustin https://twitter.com/StillOvercoming/status/1112157278050938885Â â€_",,3,8,1.554E+12,3/30/19 18:32,/andrew_greule/status/11121656284236677121554328339-3100,https://twitter.com/search?l=&q=%23utaustin%20since%3A2019-01-01%20until%3A2019-04-03&src=typd&lang=en,@KVUE,KVUE News,".@UTAustin suspends Texas Cowboys for 6 years over hazing #UT #UTAustin
http://bit.ly/2FyCncC",,,5,1.55373E+12,3/27/19 16:08,/KVUE/status/11110423235116769281554328339-3118,https://twitter.com/search?l=&q=%23utaustin%20since%3A2019-01-01%20until%3A2019-04-03&src=typd&lang=en,@DavidSo40700792,DavidSon,"#love

#instagood

#me

#cute

#tbt

#photooftheday

#instamood

#iphonesia

#food

#motivation

#life

#travel

#fitness

#repost

#igers

#instadaily

#followforfollow

#likeforlike

#nofilter

#ootd #UTAustin pic.twitter.com/0C7myq1ccR",,,1,1.55356E+12,3/25/19 16:26,/DavidSo40700792/status/11103219821371637771554328339-3164,https://twitter.com/search?l=&q=%23utaustin%20since%3A2019-01-01%20until%3A2019-04-03&src=typd&lang=en,@bestoneTX,_ŸŒ€  Bryan Edward Stone,"There's a lot to love about #UTAustin, but the fact they bring a live steer onto the field at every game is definitely in my personal top 10. #BevoRuleshttps://twitter.com/MikeLeslieWFAA/status/1080270588915212293Â â€_",,,2,1.54639E+12,1/1/19 17:27,/bestoneTX/status/10802744283936358401554328339-3052,https://twitter.com/search?l=&q=%23utaustin%20since%3A2019-01-01%20until%3A2019-04-03&src=typd&lang=en,@UTRecSports,UT RecSports,"We are hiring for Summer and Fall!

Student staff positions available in Facility Operations , Outdoor Recreation, Business Services ,  Instructional Program , Memberships & Guest Services  and Sport Clubs .

Learn more at http://utrecsports.org/jobsÂ 

#UTAustin pic.twitter.com/KCZRjmVUWC",,,1,1.55418E+12,4/1/19 20:49,/UTRecSports/status/11129249281002332221554328339-3106,https://twitter.com/search?l=&q=%23utaustin%20since%3A2019-01-01%20until%3A2019-04-03&src=typd&lang=en,@UTiSchool,Texas iSchool,"Way to go, Professor @amelia_acker! #TexasiSchool #UTAustin #HookEmhttps://twitter.com/amelia_acker/status/1110633831185477632Â â€_",,,4,1.55363E+12,3/26/19 13:08,/UTiSchool/status/11106345301201305601554328339-3115,https://twitter.com/search?l=&q=%23utaustin%20since%3A2019-01-01%20until%3A2019-04-03&src=typd&lang=en,@archiviststan,Itza,"It will be live-streamed too! https://www.youtube.com/user/utlibrariesÂ â€_

#utaustin #HookEm faculty & students we hope to see you there!https://twitter.com/utlibraries/status/1110179058535596032Â â€_",,,,1.55363E+12,3/26/19 12:20,/archiviststan/status/11106226884841758771554328339-3133,https://twitter.com/search?l=&q=%23utaustin%20since%3A2019-01-01%20until%3A2019-04-03&src=typd&lang=en,@ransomcenter,Harry Ransom Center,Enjoy this beautiful weather and join us at noon today for an outdoor poetry reading to commemorate Black History Month. #UTAustin #blackhistorymonth #ATX #Poetrypic.twitter.com/ZvaeLdlCAI,1,10,33,1.55007E+12,2/13/19 8:00,/ransomcenter/status/10957144502361948231554328339-3149,https://twitter.com/search?l=&q=%23utaustin%20since%3A2019-01-01%20until%3A2019-04-03&src=typd&lang=en,@StraussCenter,Strauss Center,"Next Week: The @StraussCenter & @AtlanticCouncil host the Cyber 9/12 Strategy Challenge 'Austin Regionals' at #UTAustin! Student teams will develop a response to a simulated cyberattack over a number of rounds.

More: https://www.strausscenter.org/item/1924-cyber-9-12-challenge.htmlÂ â€_pic.twitter.com/LNnRbMnTnn",1,5,6,1.54654E+12,1/3/19 11:22,/StraussCenter/status/10809072896101212161554328339-3139,https://twitter.com/search?l=&q=%23utaustin%20since%3A2019-01-01%20until%3A2019-04-03&src=typd&lang=en,@melaninglam,esther,"So I never really boosted myself enough for this accomplishment. But thinking about it rn I did great            
#UT23 #gonetotexas #UTaustin pic.twitter.com/uECAVgtSQu",3,5,57,1.54758E+12,1/15/19 12:23,/melaninglam/status/10852712962027560961554328339-3086,https://twitter.com/search?l=&q=%23utaustin%20since%3A2019-01-01%20until%3A2019-04-03&src=typd&lang=en,@victoriagblack1,Victoria Black,Even the turtles are enjoying the beautiful day! #UTAustin #SpringIsHerepic.twitter.com/4pYh6OJH3r,,,5,1.55371E+12,3/27/19 11:59,/victoriagblack1/status/11109795858045132871554328339-3161,https://twitter.com/search?l=&q=%23utaustin%20since%3A2019-01-01%20until%3A2019-04-03&src=typd&lang=en,@CWynnykWilson,chris wynnyk wilson,.@CoachTomHerman @gregfenves seeing players & staff laugh on field & in tunnel re penalties & unsportsmanlike behavior & ejection from the game is simply unacceptable for #UTAustin high moral standards #SugarBowl #AllstateSugarBowl #statesman #kvue #kxan #cbsaustin #FoxNews,,,,1.54641E+12,1/1/19 21:16,/CWynnykWilson/status/10803320100135772161554328339-3079,https://twitter.com/search?l=&q=%23utaustin%20since%3A2019-01-01%20until%3A2019-04-03&src=typd&lang=en,@UTComputerStore,UT Computer Store,"Get a $100 rebate when you buy an MSI laptop now through April 11th! Donâ€™t miss the opportunity to get this amazing deal! 

#MSIGaming #CampusComputerStore #UTAustin #TexasExes #OneDaySale pic.twitter.com/xVPlJkQO9U",,1,1,1.55388E+12,3/29/19 9:15,/UTComputerStore/status/11116630816361390081554328339-3055,https://twitter.com/search?l=&q=%23utaustin%20since%3A2019-01-01%20until%3A2019-04-03&src=typd&lang=en,@uthtenants,uttenants,"Quoting one of our members, ""10 days ago we all were disconcerted and upset when we got the email with the changes UHD wanted to implement. A few days after we managed to get a seat at the table"". We invite all #UTAustin community to actively continue building this effort.",,,1,1.55363E+12,3/26/19 12:31,/uthtenants/status/11106253367636008981554328339-3150,https://twitter.com/search?l=&q=%23utaustin%20since%3A2019-01-01%20until%3A2019-04-03&src=typd&lang=en,@UTDocSol,UTDocumentSolutions,"Looking for a graphic designer? Look no further. Send Document Solutions your next creative project. http://ow.ly/8Uce50k59KZÂ 
#utaustin @TexasConnect2 @utsystem pic.twitter.com/brDqlVuqGr",,,2,1.54653E+12,1/3/19 7:30,/UTDocSol/status/10808489171835453441554328339-3083,https://twitter.com/search?l=&q=%23utaustin%20since%3A2019-01-01%20until%3A2019-04-03&src=typd&lang=en,@UTSurplus,UT Surplus Property,The UT Surplus REuse Store is open Thursdays 3-7pm to the public! 100â€™s of UT Treasures! #HookEm #UTAustin @UTAustin @365ThingsAustin @TexasLonghornspic.twitter.com/nBKUvMzUln,,2,4,1.55373E+12,3/27/19 15:38,/UTSurplus/status/11110348389985484801554328339-3137,https://twitter.com/search?l=&q=%23utaustin%20since%3A2019-01-01%20until%3A2019-04-03&src=typd&lang=en,@melanneme,Mel,"Come find your roots and blossom with SDL!
#becauseofSDL #SDL #bloomwithSDL #UT #UTAustin pic.twitter.com/kXdl6r2wgx",,8,12,1.54787E+12,1/18/19 19:06,/melanneme/status/10864598661961318401554328339-3147,https://twitter.com/search?l=&q=%23utaustin%20since%3A2019-01-01%20until%3A2019-04-03&src=typd&lang=en,@Charmin,Charmin,We canâ€™t keep our paws off the Charmin Ultra Soft. #EnjoytheGo. Click for coupon: http://spr.ly/SoftÂ pic.twitter.com/fohBk4qYDg,61,37,258,1.53064E+12,7/3/18 11:47,/Charmin/status/10142190257007493121554328339-3064,https://twitter.com/search?l=&q=%23utaustin%20since%3A2019-01-01%20until%3A2019-04-03&src=typd&lang=en,@DAlmahrooq,dede almahrooq,"The Cowboys at University of Texas at Austin has been suspended for six years

Read the full story @thedailytexan 

#UTCowboys #UTAustin https://twitter.com/lmnhan24/status/1112460851049627649Â â€_",,,1,1.55408E+12,3/31/19 18:24,/DAlmahrooq/status/11125260050869657601554328339-3152,https://twitter.com/search?l=&q=%23utaustin%20since%3A2019-01-01%20until%3A2019-04-03&src=typd&lang=en,@follownews_com,Follow News,PETA Calls For An End To Live-Animal Mascots After Bevo Charged At Uga #PETA #UTAustin https://follownews.com/59pb2Â pic.twitter.com/l9hvsHygDu,,,,1.54649E+12,1/2/19 20:00,/follownews_com/status/10806751422237040651554328339-3072,https://twitter.com/search?l=&q=%23utaustin%20since%3A2019-01-01%20until%3A2019-04-03&src=typd&lang=en,@captainhouck,Kelly,Tonight @cmesevents hosts #Iranian #filmmaker Bahman Maghsoudlou for a screening of his latest film at 5:30 pm. Come join us! #utaustin #austin https://liberalarts.utexas.edu/mes/events/event.php?id=40038Â â€_,,1,1,1.55413E+12,4/1/19 6:39,/captainhouck/status/11127111038538752001554328339-3094,https://twitter.com/search?l=&q=%23utaustin%20since%3A2019-01-01%20until%3A2019-04-03&src=typd&lang=en,@NewsForrest,David Forrest,"Why the #UTTower will be aglow tonight (3/29).
#UTAustin #Longhornshttps://twitter.com/UTAustin/status/1111765347139497986Â â€_",,,,1.5539E+12,3/29/19 16:13,/NewsForrest/status/11117684634318643211554328339-3066,https://twitter.com/search?l=&q=%23utaustin%20since%3A2019-01-01%20until%3A2019-04-03&src=typd&lang=en,@archiviststan,Itza,"In about 15 minutes Iâ€™m trying to catch this talk at #utaustin 
â€œWho Gets to Be Indigenous?: Black Indigeneity, Indigenous Erasure, and Black-Indigenous Relations on Turtle Islandâ€ù with prof. Kyle Mays hosted my Native American Indigenous Studies pic.twitter.com/zJMWm7IjG6",,,,1.5538E+12,3/28/19 13:15,/archiviststan/status/11113612809825525791554328339-3103,https://twitter.com/search?l=&q=%23utaustin%20since%3A2019-01-01%20until%3A2019-04-03&src=typd&lang=en,@TexasREGal,Melinda| Texas RE Gal,"Always have fun in Austin.
So much going on!! Loved seeing the last two days of #SXSW and touring #utaustin #HookEm #longhorns #ATXpic.twitter.com/Di4Ph0ZZNy",,,1,1.55366E+12,3/26/19 21:06,/TexasREGal/status/11107550033278033921554328339-3098,https://twitter.com/search?l=&q=%23utaustin%20since%3A2019-01-01%20until%3A2019-04-03&src=typd&lang=en,@sshingavi,Ø_Ù†ÛŒÛÅÙ„ Ø´Ù†Ú¯ÙˆÛŒ,I am definitely intrigued by the rumblings of UT students against the residential mafia in West Campus #UTAustin,,,,1.55376E+12,3/28/19 2:15,/sshingavi/status/11111950612183572481554328339-3125,https://twitter.com/search?l=&q=%23utaustin%20since%3A2019-01-01%20until%3A2019-04-03&src=typd&lang=en,@RealMusicEvents,RealMusic Events,SO!!!! Next up. @solardomusic make their headline debut in ATX!! Going DOWN on March 23rd ;) #solardo #realmusicevents #techhouse #housemusic #nightlife #austintx #keepaustinREAL #downtownaustin #UTAustin #DJ #duo #tourpic.twitter.com/26712I4m1t,1,6,18,1.55252E+12,3/13/19 16:08,/RealMusicEvents/status/11059688711971061761554328339-3153,https://twitter.com/search?l=&q=%23utaustin%20since%3A2019-01-01%20until%3A2019-04-03&src=typd&lang=en,@Texaspaleo,Matthew Brown,"Paleo-Bevo was feeling a little frisky after watching the #Longhorns game, and wanted to get in on the canine chasing action... #HookEm 

#bison #direwolf #texasfossils #winningwednesday #paleo #pleistocene #sugarbowl #bevo #famouschasescenes #utaustin #atxpic.twitter.com/da8yS7R9hF",,,2,1.54647E+12,1/2/19 15:14,/Texaspaleo/status/10806033166719139851554328339-3068,https://twitter.com/search?l=&q=%23utaustin%20since%3A2019-01-01%20until%3A2019-04-03&src=typd&lang=en,@VectorMarketing,Vector Marketing,"We love working with @UTAustin Longhorns! Our #1 rep this week is student John Squires with $9,905 in personal sales! #HookEm #UTAustin

#Top20 #PartTimeWork GIF theme #flowerspic.twitter.com/3MHfVt6F0W",,,,1.55421E+12,4/2/19 5:51,/VectorMarketing/status/11130614796981985331554328339-3165,https://twitter.com/search?l=&q=%23utaustin%20since%3A2019-01-01%20until%3A2019-04-03&src=typd&lang=en,@BrainMindMD,"John M. Talmadge, MD",Here is a player who can inspire us all. #UTBeck connects and inspires through sign language Video - via @ESPN App #Longhorns #UTAustin #SugarBowl #Texas https://es.pn/2TlPvqR,,,,1.54637E+12,1/1/19 10:50,/BrainMindMD/status/10801744763299225611554328339-3082,https://twitter.com/search?l=&q=%23utaustin%20since%3A2019-01-01%20until%3A2019-04-03&src=typd&lang=en,@UTDocSol,UTDocumentSolutions,May is just around the corner. Contact us now to order custom logo promotional products for May events and end-of-year gifts! #utexas #utaustin http://ow.ly/pGqN50od6CTÂ pic.twitter.com/XL3dtRy8aA,,,,1.55379E+12,3/28/19 8:45,/UTDocSol/status/11112931894895984701554328339-3053,https://twitter.com/search?l=&q=%23utaustin%20since%3A2019-01-01%20until%3A2019-04-03&src=typd&lang=en,@SHOTheChi,The Chi on Showtime,"""It really is a story of what it is to be black on the South Side of Chicago."" -@LenaWaithe on what's comin' in Season 2 of #TheChi.

Don't miss the premiere this Sunday at 10/9c. Only on #Showtime.pic.twitter.com/lYx6fVwwUL",3,54,165,1.55431E+12,4/3/19 10:57,/SHOTheChi/status/11135008616055889931554328339-3130,https://twitter.com/search?l=&q=%23utaustin%20since%3A2019-01-01%20until%3A2019-04-03&src=typd&lang=en,@comparatista,Jennifer Wilks,Thanks to Fox 7â€™s Good Day Austin for inviting me to talk about UTâ€™s upcoming Black Studies conference! #Fox7Austin #GoodDayAustin #blackstudiesut #UTAustin pic.twitter.com/T4nc4IwA7b â€“ at Fox7 News Station,1,5,27,1.5518E+12,3/5/19 7:07,/comparatista/status/11029486585873203201554328339-3063,https://twitter.com/search?l=&q=%23utaustin%20since%3A2019-01-01%20until%3A2019-04-03&src=typd&lang=en,@utdos,UT Dean of Students,"Apply to be a Dean of Students Ambassador by April 9! Student Activities is hiring Dean of Students Ambassadors. Ambassadors will be part of the Deanâ€™s Squad, a student outreach and promotion team. Apply to join the Dean's Squad at http://hirealonghorn.orgÂ  #Squad #UTAustin pic.twitter.com/BNyJov98aW",,2,3,1.55422E+12,4/2/19 9:07,/utdos/status/11131105989282938881554328339-3099,https://twitter.com/search?l=&q=%23utaustin%20since%3A2019-01-01%20until%3A2019-04-03&src=typd&lang=en,@NewsForrest,David Forrest,"And thereâ€™s actually something a little bit like this speed control already going on with rental #scooters on the #UTAustin campus: https://www.statesman.com/news/20190325/scooters-in-parts-of-ut-to-have-reduced-speeds-officials-sayÂ â€_
#tech",,,,1.55374E+12,3/27/19 19:35,/NewsForrest/status/11110945510060687361554328339-3131,https://twitter.com/search?l=&q=%23utaustin%20since%3A2019-01-01%20until%3A2019-04-03&src=typd&lang=en,@toney_mrs,Mrs. Toney,"We are on our way to exploring ALL the possibilities of higher learning.  #ROADTRIP #THERIDGESQUAD 
 #UTAustin #WRE5thgrade and their mentors @DeidreHannible @wrefama @DesotoISDa2e2 @DeSotoISDAdvAcapic.twitter.com/ijZNidANzw",,7,31,1.55153E+12,3/2/19 5:18,/toney_mrs/status/11018340576615383051554328339-3162,https://twitter.com/search?l=&q=%23utaustin%20since%3A2019-01-01%20until%3A2019-04-03&src=typd&lang=en,@ATX_fight_club,ATX-MART,"So we have Austin TX, a ton of $$$ and Matthew McConaughey.  Can we finally get a championship next year??? #UTAustin pic.twitter.com/LWcre2s2AT",1,,1,1.5464E+12,1/1/19 20:50,/ATX_fight_club/status/10803253378489712641554328339-3167,https://twitter.com/search?l=&q=%23utaustin%20since%3A2019-01-01%20until%3A2019-04-03&src=typd&lang=en,null,null,null,null,null,null,null,null,null1554328339-3107,https://twitter.com/search?l=&q=%23utaustin%20since%3A2019-01-01%20until%3A2019-04-03&src=typd&lang=en,@LifeEntrepre,Chris Lopez,Create categories that map your business to benefits. Finding cheaper manufactures helps reduce costs. Streamlining cloud storage improves process increases profits. #startup #Startups #Entrepreneur #austin #atx #texas #utaustin #Entrepreneurship @gordondaugherty #TX #SanAntoniopic.twitter.com/gLaJNNQ2xB â€“ at Capital Factory,,1,,1.55362E+12,3/26/19 9:10,/LifeEntrepre/status/11105747171765534741554328339-3141,https://twitter.com/search?l=&q=%23utaustin%20since%3A2019-01-01%20until%3A2019-04-03&src=typd&lang=en,@BSASummit,BSA Summit,Black Student-Athlete Summit 2019 has officially started!!! Check out the live feed at the following link: http://diversity.utexas.edu/blackstudentathletesummit/Â â€_ #BlackStudentAthleteSummit #bsas2019 #UTAustin #professionaldevelopment #StudentAthletepic.twitter.com/nzq2iL0DRo,2,45,81,1.54704E+12,1/9/19 6:29,/BSASummit/status/10830077720216576001554328339-3054,https://twitter.com/search?l=&q=%23utaustin%20since%3A2019-01-01%20until%3A2019-04-03&src=typd&lang=en,@jlpessnyc,JLPess,Great thread about the importance of supporting student journalism. Any #texas or #utaustin folks following me? Consider a donation to @txstudentmediahttps://twitter.com/meganmenchaca13/status/1112709159315738624Â â€_,,,2,1.55413E+12,4/1/19 6:43,/jlpessnyc/status/11127121131207884811554328339-3102,https://twitter.com/search?l=&q=%23utaustin%20since%3A2019-01-01%20until%3A2019-04-03&src=typd&lang=en,@timothylord,Timothy Lord,"Brian, I echo that thought about #UTAustin; even dunderheaded me got *something* out of it despite a lot of missteps, and it was a lot cheaper than making the same mistakes elsewhere, which I might in that case still be paying off.",1,,1,1.55371E+12,3/27/19 12:11,/timothylord/status/11109827128468930571554328339-3070,https://twitter.com/search?l=&q=%23utaustin%20since%3A2019-01-01%20until%3A2019-04-03&src=typd&lang=en,@utdos,UT Dean of Students,"Tomorrow is the deadline to apply for the Burnt Orange Leadership Development fellowship, learn more and apply: http://bit.ly/2Tii4pGÂ  
#BOLDUT #UTAustin pic.twitter.com/p40RoXtuqO",,,,1.55405E+12,3/31/19 9:24,/utdos/status/11123901001708011541554328339-3084,https://twitter.com/search?l=&q=%23utaustin%20since%3A2019-01-01%20until%3A2019-04-03&src=typd&lang=en,@FlightByNothing,Flight By Nothing,"Austin!  Whatâ€™s up? Weâ€™ll be playing our first show ever in Austin at @utaustin for Round Up! 

See you guys this Saturday 
.
.
.
.
.
#Austin #UT #UTAustinâ€_ https://www.instagram.com/flightbynothing/p/BvhwGZZFpET/?utm_source=ig_twitter_share&igshid=h3masnxj7d54Â â€_",,3,8,1.55372E+12,3/27/19 14:47,/FlightByNothing/status/11110218435557785661554328339-3138,https://twitter.com/search?l=&q=%23utaustin%20since%3A2019-01-01%20until%3A2019-04-03&src=typd&lang=en,@UTAustin,UT Austin,From @CockrellSchool dean to #UTAustin president  #2009v2019https://twitter.com/gregfenves/status/1085906746093187072Â â€_,2,9,167,1.54774E+12,1/17/19 9:09,/UTAustin/status/10859471048900403211554328339-3146,https://twitter.com/search?l=&q=%23utaustin%20since%3A2019-01-01%20until%3A2019-04-03&src=typd&lang=en,@Gaudet_91,Andrew Gaudet,"The Gaudet Lab at UT-Austin is hiring! Do you know an engaged, intelligent researcher looking for a technician position? Austin is a great place to work and live. 
#sciencejobs #neurosciencejobs #utaustin @UTPsychology @DellMedSchool https://utaustin.wd1.myworkdayjobs.com/en-US/UTstaff/job/UT-MAIN-CAMPUS/Research-Technician---Neuroscience-Biology_R_00000980Â â€_",,3,5,1.54656E+12,1/3/19 15:21,/Gaudet_91/status/10809672911672238081554328339-3088,https://twitter.com/search?l=&q=%23utaustin%20since%3A2019-01-01%20until%3A2019-04-03&src=typd&lang=en,@UTDocSol,UTDocumentSolutions,Let us help you with custom logo end-of-year gifts.   Check out our online Promotional Product catalog to get started: http://ow.ly/BPZ950ocUzRÂ  #utexas #utaustin pic.twitter.com/JDvoeb03RN,,1,2,1.55371E+12,3/27/19 9:45,/UTDocSol/status/11109459017601802241554328339-3085,https://twitter.com/search?l=&q=%23utaustin%20since%3A2019-01-01%20until%3A2019-04-03&src=typd&lang=en,@LandmarksUT,Landmarks,"UPDATE: The Rotoscope workshop application deadline has been extended to Friday, April 5. Students, don't let this opportunity pass you by!

https://buff.ly/2VYugfVÂ 
#landmarksUT #UTAustin #animation 
 Still from ""Snack and Drink"" by Bob Sabistonpic.twitter.com/UOXyThfgUU",,2,2,1.55372E+12,3/27/19 14:30,/LandmarksUT/status/11110176080762798081554328339-3157,https://twitter.com/search?l=&q=%23utaustin%20since%3A2019-01-01%20until%3A2019-04-03&src=typd&lang=en,@JaymzGutierrez,Jaymz Gutierrez,"""We're BACK!"" #LonghornNation #SamEhlinger You da Man! #SugarBowlChampions #HookingEm #UTAustin https://twitter.com/espn/status/1080338729615671296Â â€_",,1,1,1.54642E+12,1/2/19 0:19,/JaymzGutierrez/status/10803780214487695371554328339-3096,https://twitter.com/search?l=&q=%23utaustin%20since%3A2019-01-01%20until%3A2019-04-03&src=typd&lang=en,@JohnnyRicoMI,Johnny Rico,@UTAustin and @gregfenves finally come forward to students about the admissions scandals issues that entangled UT Austinâ€™s menâ€™s tennis coach but absolutely bury it in an email about the tragic death of a student.#austin #utaustin #collegeadmissionsscandal #collegecheatingscandalpic.twitter.com/GP5V68Qiiz,3,,1,1.55383E+12,3/28/19 19:21,/JohnnyRicoMI/status/11114532215733248011554328339-3114,https://twitter.com/search?l=&q=%23utaustin%20since%3A2019-01-01%20until%3A2019-04-03&src=typd&lang=en,@SuperRealtorATX,curt nichols,#visitaustintx #ATX #austinrealtor #austinrealestate #movetoaustin #austinbound #hookem  #gonetotexas #texaslonghorns #culturemapatx #atxscooters #longhorns #UTaustin https://twitter.com/CultureMapATX/status/1110626314338426880Â â€_,,,,1.55363E+12,3/26/19 13:01,/SuperRealtorATX/status/11106329606870016011554328339-3144,https://twitter.com/search?l=&q=%23utaustin%20since%3A2019-01-01%20until%3A2019-04-03&src=typd&lang=en,@DragonCircuits,Dragon Drones,"This aircraft, built by Lift Aircraft (#AustinTexas), is coming to a sky near you. Comment if youâ€™d like one.

Our audience: #flyingcar #uav #technews #quadcopter #drone #robotics #robot #fpv #nasa #utaustin #austintx #drones #arduino #raspberrypi #MIT #sâ€_https://lnkd.in/ebW6Y3u",,3,,1.54657E+12,1/3/19 20:04,/DragonCircuits/status/10810386217114419211554328339-3135,https://twitter.com/search?l=&q=%23utaustin%20since%3A2019-01-01%20until%3A2019-04-03&src=typd&lang=en,@LonghornYouth,Longhorn Youth Association,"If youâ€™re interested in: 
Getting involved in your community Mentoring underrepresented youth 
Bringing more diverse students to UT
...attend our firs general meeting NEXT MONDAY, Feb. 11 at 5pm to find out how! #UTAustin #UT22 #UT21 #UT20 #UT19pic.twitter.com/LIWomQZ3by",,15,29,1.54933E+12,2/4/19 17:01,/LonghornYouth/status/10925890166403399701554328339-3158,https://twitter.com/search?l=&q=%23utaustin%20since%3A2019-01-01%20until%3A2019-04-03&src=typd&lang=en,@gomezdm,Diane Gomez,Bevo donâ€™t play that! >> Bevo almost runs over Uga Video - #hookem #longhorns #utaustin via @ESPN Apphttps://es.pn/2F4B5IC,,,,1.54641E+12,1/1/19 22:16,/gomezdm/status/10803471696458874881554328339-3127,https://twitter.com/search?l=&q=%23utaustin%20since%3A2019-01-01%20until%3A2019-04-03&src=typd&lang=en,@mariana_1995_,Mariana_,"Me, a Latina woman, engineer, unbothered about UTâ€™s admission scandal since I was legitimately admitted because I actually worked for it & didnâ€™t bribe anyone to let me in. Hook â€˜Em
#UTAustin #collegeadmissionsscandalpic.twitter.com/giFcns0f35",1,2,38,1.55245E+12,3/12/19 19:56,/mariana_1995_/status/11056637808460308481554328339-3119,https://twitter.com/search?l=&q=%23utaustin%20since%3A2019-01-01%20until%3A2019-04-03&src=typd&lang=en,@DanielDWang1,Daniel D. Wang,"Excellent podcast on physician wellness, produced by a @bcmhouston student featuring a fellow @PlanIIHonors + Baylor alum @drmlb. 

https://open.spotify.com/episode/5iXa7VEKBZ4w0AJrE1r3ijÂ â€_

#baylorcollegeofmedicine #UTAustin #PlanII #physicianburnout #selfcare",,1,4,1.55355E+12,3/25/19 14:55,/DanielDWang1/status/11102991392025763851554328339-3058,https://twitter.com/search?l=&q=%23utaustin%20since%3A2019-01-01%20until%3A2019-04-03&src=typd&lang=en,@NewsForrest,David Forrest,"""Would any of the expansions be worth it? Itâ€™s not clear, the #UTAustin team says."" https://twitter.com/statesman/status/1111786388251463680Â â€_",,,,1.55397E+12,3/30/19 9:57,/NewsForrest/status/11120361419963596801554328339-3056,https://twitter.com/search?l=&q=%23utaustin%20since%3A2019-01-01%20until%3A2019-04-03&src=typd&lang=en,@sshingavi,Ø_Ù†ÛŒÛÅÙ„ Ø´Ù†Ú¯ÙˆÛŒ,"I have an extra copy of RESISTING OCCUPATION IN KASHMIR (ed. Duchinski, et al).  I will leave it outside my office in Parlin Hall at #UTAustin for anyone who might want it.",,,,1.55415E+12,4/1/19 12:24,/sshingavi/status/11127979416206704651554328339-3095,https://twitter.com/search?l=&q=%23utaustin%20since%3A2019-01-01%20until%3A2019-04-03&src=typd&lang=en,@DoveChocolate,DOVEÂ® Chocolate,See how weâ€™re supporting cocoa-growing communities and join the effort. #ShesInBusinesspic.twitter.com/XkzOvXm3Qd,,3,25,1.55413E+12,4/1/19 7:00,/DoveChocolate/status/11127162470436372481554328339-3116,https://twitter.com/search?l=&q=%23utaustin%20since%3A2019-01-01%20until%3A2019-04-03&src=typd&lang=en,@NewsForrest,David Forrest,"#BreakingNews: â€œThe U.S. Department of Education is looking into whether the schools violated any laws or rules, including those governing federal student financial aid programs.â€ù
#UTAustin #Longhorns #HigherEd #AdmissionsScamhttps://www.statesman.com/news/20190326/ut-will-be-included-in-federal-review-of-admissions-practicesÂ â€_",,,,1.55362E+12,3/26/19 9:20,/NewsForrest/status/11105771512906055681554328339-3091,https://twitter.com/search?l=&q=%23utaustin%20since%3A2019-01-01%20until%3A2019-04-03&src=typd&lang=en,@LifeEntrepre,Chris Lopez,Make sure your future horizon is set with clear goals. A company that plans out these goals is able to show investors their growth is on track. This helps employees know where they need to be. #Startups #startup #entrepreneurlife #Entrepreneur #austin #atx #texas #utaustin pic.twitter.com/Wn0rPvJQID â€“ at Capital Factory,,,,1.55361E+12,3/26/19 8:39,/LifeEntrepre/status/11105670501734481941554328339-3123,https://twitter.com/search?l=&q=%23utaustin%20since%3A2019-01-01%20until%3A2019-04-03&src=typd&lang=en,@JMHanksDebate,HANKS Speech & Debate,"Hanging out where some of our very own Knights plan to attend in the future. #hookemhorns By the way, only these two know what theyâ€™re talking about. #uilstate #cxdebate #austintexas #wearehanks #utaustin pic.twitter.com/uEPAwTrsld",1,2,21,1.55327E+12,3/22/19 9:32,/JMHanksDebate/status/11091306990497832961554328339-3078,https://twitter.com/search?l=&q=%23utaustin%20since%3A2019-01-01%20until%3A2019-04-03&src=typd&lang=en,@LandmarksUT,Landmarks,"Wanted: SUMMER 2019 INTERN! Students, if you're social media savvy and able to multi-task, we welcome you to submit an online application at https://buff.ly/2U114ZgÂ 

#landmarksUT #UTAustin #publicartpic.twitter.com/OR9cBR1Ggy",,1,,1.55389E+12,3/29/19 12:15,/LandmarksUT/status/11117085602773647381554328339-3090,https://twitter.com/search?l=&q=%23utaustin%20since%3A2019-01-01%20until%3A2019-04-03&src=typd&lang=en,@LifeEntrepre,Chris Lopez,A management system is your meetings with a purpose. You need to set a purpose & once there is a decision on what to do then end the meeting. #startup #startuplife #entreprenurship #Entrepreneur #startupculture #startups #austin #atx #texas #utaustin #SanAntonio #dallaspic.twitter.com/2DutyKtH2G â€“ at Capital Factory,,,,1.55362E+12,3/26/19 9:47,/LifeEntrepre/status/11105840829316382731554328339-3089,https://twitter.com/search?l=&q=%23utaustin%20since%3A2019-01-01%20until%3A2019-04-03&src=typd&lang=en,@GrubnHipHop,Grub-N-HipHop,"@GrubnHipHop will be serving food @EuphoriaATX
inaugural Hip-Hip show â€œMade in Texasâ€ù FRIDAY (March 29th) - Doors - 9pm! Come see some Austin #hiphop artists & try our #grub!
#GNHH #goldbranded #event #concert #food #austin #utaustin #atx #hiphopshow #austinhiphop #localaustinpic.twitter.com/Ws11GEgHaJ",1,6,9,1.5537E+12,3/27/19 8:26,/GrubnHipHop/status/11109261509420564481554328339-3142,https://twitter.com/search?l=&q=%23utaustin%20since%3A2019-01-01%20until%3A2019-04-03&src=typd&lang=en,@BSASummit,BSA Summit,We are less than 24HRS away from BSAS 2019!!! #BlackStudentAthleteSummit #bsas #awakening #summit #conference #professionaldevelopment #UTAustin #UT,2,9,18,1.54697E+12,1/8/19 9:11,/BSASummit/status/10826861178062479381554328339-3061,https://twitter.com/search?l=&q=%23utaustin%20since%3A2019-01-01%20until%3A2019-04-03&src=typd&lang=en,@BigroGaming,Bigro1,What is your favorite Wes Anderson film? #MondayMotivation #movies #wes #anderson #films #top10 #who #utaustin #austin #utpic.twitter.com/EHlyBmfF53,,,2,1.55423E+12,4/2/19 10:37,/BigroGaming/status/11131332779200921601554328339-3136,https://twitter.com/search?l=&q=%23utaustin%20since%3A2019-01-01%20until%3A2019-04-03&src=typd&lang=en,@BriBagwell,Bri Bagwell,This 10-year challenge got me thinking OH MY GOODNESS MY TEN-YEAR COLLEGE REUNION IS THIS YEAR HOW DID THIS HAPPEN. Graduated with honors and a business degree and here I am still picking a guitar and writing songs for a living. Wouldnâ€™t change a thing. #Hookem #UTAustin pic.twitter.com/CDNyVEgSc0,14,6,195,1.54795E+12,1/19/19 18:50,/BriBagwell/status/10868182376424325121554328339-3159,https://twitter.com/search?l=&q=%23utaustin%20since%3A2019-01-01%20until%3A2019-04-03&src=typd&lang=en,@MalikCrowder2,Malik Crowder,Texas Wins #SugarBowlChamps #LONGHORNS #utaustin pic.twitter.com/jrI3qJPpxM,,,10,1.54641E+12,1/1/19 21:22,/MalikCrowder2/status/10803334844497715201554328339-3154,https://twitter.com/search?l=&q=%23utaustin%20since%3A2019-01-01%20until%3A2019-04-03&src=typd&lang=en,@JaymzGutierrez,Jaymz Gutierrez,"@TexasLonghorns It's still not a National Championship! #SugarBowlChamps, CELEBRATE! IM W/U! BUT WE STILL GOT WORK TO DO! #UTAustin 2019-20 #HookEm to ""infinity and BEYOND!"" Congrats! ""Alright!"" #WeAreBACK!https://twitter.com/TexasLonghorns/status/1080587577780891649Â â€_",,,,1.54647E+12,1/2/19 14:16,/JaymzGutierrez/status/10805886424967700491554328339-3057,https://twitter.com/search?l=&q=%23utaustin%20since%3A2019-01-01%20until%3A2019-04-03&src=typd&lang=en,@buffaloexchange,Buffalo Exchange,"Whether you like them ankle-grazing or down to the floor, high-rise vintage pants are a wardrobe must-have this spring!  Buffalo Exchange Austin
.
.
.
.
#BuffaloExchange #Austin #UTAustin #SpringFashion #SpringStyle #Vintage #VintagePants #VintageDenim #1960s #1970s #BandTeespic.twitter.com/itHDmE00Lg",,,2,1.55424E+12,4/2/19 14:38,/buffaloexchange/status/11131941066482974721554328339-3151,https://twitter.com/search?l=&q=%23utaustin%20since%3A2019-01-01%20until%3A2019-04-03&src=typd&lang=en,@IKNOWJACKIE,Jackie Torres,"Wonder if Uga is insured? #bevo #utaustin #uga #sugarbowl

https://www.youtube.com/watch?v=TZWhUxP23b0Â â€_
*
 - http://www.iknowjackie.comÂ 
ï¿_ - (512) 252-1107
ï¿_ - @IKNOWJACKIE

#iknowjackie #nationwide #insurance ï¿_#pflugerville #austin...https://www.youtube.com/watch?v=TZWhUxP23b0Â â€_",,,1,1.54652E+12,1/3/19 6:15,/IKNOWJACKIE/status/10808299372533186581554328339-3110,https://twitter.com/search?l=&q=%23utaustin%20since%3A2019-01-01%20until%3A2019-04-03&src=typd&lang=en,@LifeEntrepre,Chris Lopez,"When you are sitting in a coffee shop coming up with ideas for your business plan, you are making assumptions and which of these ideas can u validate bcuz investors like ideas that work. #Startups #startup #entrepreneurlife #austin #atx #texas #utaustin @gordondaugherty #TXpic.twitter.com/Y7g3XHhUgM â€“ at Capital Factory",,,,1.55361E+12,3/26/19 8:23,/LifeEntrepre/status/11105629677566566401554328339-3111,https://twitter.com/search?l=&q=%23utaustin%20since%3A2019-01-01%20until%3A2019-04-03&src=typd&lang=en,@hanabonanza,hana e. masri,"ironic that #UTAustin won't reimburse Airbnb travel costs since they removed listings in West Bank settlements. 

Airbnb has BEEN on the #BDS list for renting stolen Palestinian homes. guess TX is participating in the boycott, which is illegal according to its own laws Â¯\_(ãƒ„)_/Â¯pic.twitter.com/8H2KjU3Zw9",,6,8,1.55361E+12,3/26/19 8:09,/hanabonanza/status/11105593702392012801554328339-3097,https://twitter.com/search?l=&q=%23utaustin%20since%3A2019-01-01%20until%3A2019-04-03&src=typd&lang=en,@uthealthcomm,UT Health Comm,"An interactive #leadership development workshop right here in #ATX, featuring a large panel of #healthcomm experts ??? Yes, please!  

We still have spots available!

http://bit.ly/2ObcBgUÂ 

#UTHCLI #UT #UTAustin @urccp @hcphtx @DellMed_RCC @HoffmanTilt @TMLT_TMIC @txbhapic.twitter.com/yTFPaLzbCz",,1,1,1.55379E+12,3/28/19 9:04,/uthealthcomm/status/11112978974153687041554328339-3050,https://twitter.com/search?l=&q=%23utaustin%20since%3A2019-01-01%20until%3A2019-04-03&src=typd&lang=en,@captainhouck,Kelly,"No, paying us a living wage would help. Creating enough subsidized housing for grad students would help. Not raising grad student rent rates while wages remain stagnant would help. Employing us during the summer would help. @UTAustin @UnderpaidatUT #utaustin #underpaidatuthttps://twitter.com/sciencemagazine/status/1111734867354624001Â â€_",,1,14,1.55424E+12,4/2/19 13:55,/captainhouck/status/11131832748709519361554328339-3143,https://twitter.com/search?l=&q=%23utaustin%20since%3A2019-01-01%20until%3A2019-04-03&src=typd&lang=en,@UTSOA,Texas Architecture,"Good morning, campus! #utaustin #sunrise #uttowerpic.twitter.com/OcR4f73cE8",1,4,35,1.54661E+12,1/4/19 5:41,/UTSOA/status/10811839069578362891554328339-3076,https://twitter.com/search?l=&q=%23utaustin%20since%3A2019-01-01%20until%3A2019-04-03&src=typd&lang=en,@UnderpaidatUT,Underpaid@UT,That feeling of being a @UTAustin grad student worker...  @gregfenves #brokephibroke #gradstudents #gradstudenthumor #phdchat #underpaid #therentistoodamnhigh #UTAustin pic.twitter.com/CwPSqwNwpy,,,1,1.55396E+12,3/30/19 8:16,/UnderpaidatUT/status/11120108164784619581554328339-3126,https://twitter.com/search?l=&q=%23utaustin%20since%3A2019-01-01%20until%3A2019-04-03&src=typd&lang=en,@DroneRaceLeague,Drone Racing League,Weâ€™ll be launching the 2019 Season on August 11th. #finally #drlhttps://www.adweek.com/digital/the-drone-racing-league-moves-its-broadcast-rights-from-espn-to-nbc/Â â€_,,4,12,1.55432E+12,4/3/19 13:04,/DroneRaceLeague/status/11135327767735623691554328339-3129,https://twitter.com/search?l=&q=%23utaustin%20since%3A2019-01-01%20until%3A2019-04-03&src=typd&lang=en,@BettieCrossTV,Bettie Cross,"UT Tennis Coach Michael Center  leaves Austinâ€™s federal courthouse after being accused of being involved in college admissions bribery scheme. Bond was set at $50,000. His attorney says heâ€™s not guilty. #michaelcenter #UTAustin pic.twitter.com/8kFxcsjHVY",3,11,7,1.55242E+12,3/12/19 13:38,/BettieCrossTV/status/11055687447666155671554328339-3120,https://twitter.com/search?l=&q=%23utaustin%20since%3A2019-01-01%20until%3A2019-04-03&src=typd&lang=en,@UTEnglishCo,UT English Council,"Check out our new website! On this page, We'll be announcing English Council events, writing about them, and posting literature themed articles. Stay tuned to the site for info about our upcoming author panel!
Find it here at https://skylarepstein.wixsite.com/utenglishcouncilÂ â€_
#utaustin #englishlitpic.twitter.com/67rebs7d6Y",,1,4,1.55355E+12,3/25/19 13:33,/UTEnglishCo/status/11102786779616051201554328339-3122,https://twitter.com/search?l=&q=%23utaustin%20since%3A2019-01-01%20until%3A2019-04-03&src=typd&lang=en,@raojenkins,rao #HopeIsADuty jenkins Â _Ÿ‡º_Ÿ‡¸ Â _Ÿ˜•,"Good morning @utaustinparking - just saw your email on #geofencing for #scooter safety on #UTAustin campus. http://dailytexanonline.com/2019/03/24/ut-announces-8-mph-speed-limit-for-dockless-e-scooters-in-campus-areas-with-heavyÂ â€_

That is BRILLIANT. Great work.",,,1,1.55352E+12,3/25/19 7:11,/raojenkins/status/11101824083122913291554328339-3145,https://twitter.com/search?l=&q=%23utaustin%20since%3A2019-01-01%20until%3A2019-04-03&src=typd&lang=en,@UTOutreachDFW,UT Outreach-Dallas,"Happy New Year! Let your year be full of positive energy, successes, and challenges that you learn from to gain wisdom!

#ACT #SAT #ApplyTexas #CommonApp #WritingEssays #CollegeJourney #UTAustin #PrepareOurStudents #GiveBackToYourCommunity #MakeAnImpact #Equity #Access #Successpic.twitter.com/bEdINgkqxo",,1,5,1.54656E+12,1/3/19 15:31,/UTOutreachDFW/status/10809699650612387841554328339-3092,https://twitter.com/search?l=&q=%23utaustin%20since%3A2019-01-01%20until%3A2019-04-03&src=typd&lang=en,@VictorSavelle,Victor Savelle,Truth right there. Thank goodness it's at a prominent space at UT.  #austintx #atx #ut #utaustin @ The University of Texas at Austin https://www.instagram.com/victorsavelle/p/Bvnl3J0F68c/?utm_source=ig_twitter_share&igshid=4vsb0z2d7i2dÂ â€_,,,,1.55392E+12,3/29/19 21:13,/VictorSavelle/status/11118437510838108161554328339-3065,https://twitter.com/search?l=&q=%23utaustin%20since%3A2019-01-01%20until%3A2019-04-03&src=typd&lang=en,@UTRecSports,UT RecSports,"Calling all @UTAustin Faculty and Staff! Registration is now open for the 28th Annual Poker Walk, presented by @WinStarWorld. 

 Wednesday, May 15 | 11:30am 
 Get your office team together and register! 
 Details at http://utrecsports.org/pokerwalkÂ    

#UTPokerWalk #UTAustin pic.twitter.com/sC6SLYesNu",,,1,1.55413E+12,4/1/19 7:15,/UTRecSports/status/11127200288545587201554328339-3121,https://twitter.com/search?l=&q=%23utaustin%20since%3A2019-01-01%20until%3A2019-04-03&src=typd&lang=en,@CNSCareers,UT Austin CNS Career Services,The #Big12 Virtual Career Fair is happening on Wednesday! Meet with employers from across the country to discuss internship and full-time opportunities. Open to all #UTAustin students! https://bit.ly/2TuzBdyÂ pic.twitter.com/pjNSNHeSeG,,3,1,1.55354E+12,3/25/19 12:34,/CNSCareers/status/11102636376991866881554328339-3160,https://twitter.com/search?l=&q=%23utaustin%20since%3A2019-01-01%20until%3A2019-04-03&src=typd&lang=en,@sueyshen,SueyÂ _Ÿ§Å,OMG DID TEXAS REALLY WIN?!?#UTAustin #HOOKEM #SugarBowlChampions,,,1,1.54641E+12,1/1/19 21:22,/sueyshen/status/10803334143000453131554328339-3166,https://twitter.com/search?l=&q=%23utaustin%20since%3A2019-01-01%20until%3A2019-04-03&src=typd&lang=en,@JaymzGutierrez,Jaymz Gutierrez,"It's gonna be the BIGGEST WIN IN #UTAustin HISTORY! #Hookem #TexasFootball #LonghornsVSBulldogs
#UTvsUG",1,,1,1.54633E+12,1/1/19 0:02,/JaymzGutierrez/status/10800113759952773161554328339-3148,https://twitter.com/search?l=&q=%23utaustin%20since%3A2019-01-01%20until%3A2019-04-03&src=typd&lang=en,@KVUE,KVUE News,"With differing views on campus carry, 'An Imperfect Union' brings #UTAustin students together http://bit.ly/2Atqbbj",,2,2,1.54655E+12,1/3/19 12:00,/KVUE/status/10809167279054356481554328339-3128,https://twitter.com/search?l=&q=%23utaustin%20since%3A2019-01-01%20until%3A2019-04-03&src=typd&lang=en,@UTAUSKNI,"TEXTEX, J.D.","Went to #UTAustin, worked my butt off but know for a fact lobbyist, children of members of the #Texas Legislature and anyone else with money and power get their kids in, what a shame, all while #minorities are told they just need to try harder, study harder, work harder, a joke! pic.twitter.com/vxftKfHBpq",1,43,357,1.55243E+12,3/12/19 15:54,/UTAUSKNI/status/11056028980362240001554328339-3124,https://twitter.com/search?l=&q=%23utaustin%20since%3A2019-01-01%20until%3A2019-04-03&src=typd&lang=en,@TexasScience,NaturalSciences @ UT,"#TBT UT mathematician Karen Uhlenbeck being interviewed in her #UTAustin office in 1995 for a book on #WomenInSTEM.

And #ICYMI, Uhlenbeck was awarded the 2019 #AbelPrize on Tuesday! Learn more at http://txsci.net/2FjjjiDÂ 
#WomensHistoryMonthpic.twitter.com/URc2oPc9j2",,11,43,1.5532E+12,3/21/19 14:24,/TexasScience/status/11088418951223418891554328339-3059,https://twitter.com/search?l=&q=%23utaustin%20since%3A2019-01-01%20until%3A2019-04-03&src=typd&lang=en,@LandmarksUT,Landmarks,"Landmarks' collection sculpture ""Vermillion"" by Deborah Butterfield will be included in the highly anticipated children's book ""Horse Museum"" by Dr. Seuss! Scheduled for release September 3. 

Visit our website for more info (link in bio).

#landmarksUT #UTAustin #publicartpic.twitter.com/XK1FsTmrOb",,,5,1.55421E+12,4/2/19 7:15,/LandmarksUT/status/11130824260819066941554328339-3163,https://twitter.com/search?l=&q=%23utaustin%20since%3A2019-01-01%20until%3A2019-04-03&src=typd&lang=en,@TechLaw1996,April Baker,Hook'em !  #Longhorns #UTAustin,,,2,1.54639E+12,1/1/19 18:06,/TechLaw1996/status/10802841127857315851554328339-3105,https://twitter.com/search?l=&q=%23utaustin%20since%3A2019-01-01%20until%3A2019-04-03&src=typd&lang=en,@UTiSchool,Texas iSchool,"Astronomers at The University of Texas at Austin, in partnership with Google, have used artificial intelligence (AI) to uncover two more hidden planets in the Kepler space telescope archive. Read more here: https://bit.ly/2JHTUnZÂ  #UTAustin #ArtificialIntelligence #HookEmpic.twitter.com/kRY2DfeWlr",,,,1.55363E+12,3/26/19 13:09,/UTiSchool/status/11106349782059376641554328339-3067,https://twitter.com/search?l=&q=%23utaustin%20since%3A2019-01-01%20until%3A2019-04-03&src=typd&lang=en,@whitbit1098,Whitney McClelland,"As a part of the @thedailytexan crew, I wanted to reach out and ask to please help us in our Support Student Voices fundraiser! We provide you entertaining media daily, so please consider donating! http://www.supportstudentvoices.orgÂ  
#SupportStudentVoices #utaustin #journalism #media",,,1,1.55425E+12,4/2/19 16:48,/whitbit1098/status/11132266154613800961554328339-3156,https://twitter.com/search?l=&q=%23utaustin%20since%3A2019-01-01%20until%3A2019-04-03&src=typd&lang=en,@AwakeAndMoving,Awake & Moving,"A little morning congratulations to the @TexasSports on winning the Sugar Bowl! Hook 'Em Horns and Happy New Year everyone!
--- --- --- ---
#hookem #hookemhorns #utaustin #atx #footballâ€_ https://www.instagram.com/p/BsIo-zclEUo/?utm_source=ig_twitter_share&igshid=154skms14jupbÂ â€_",,,,1.54644E+12,1/2/19 6:09,/AwakeAndMoving/status/10804661599867207691554328339-3109,https://twitter.com/search?l=&q=%23utaustin%20since%3A2019-01-01%20until%3A2019-04-03&src=typd&lang=en,@LifeEntrepre,Chris Lopez,Many #Entrepreneurs think their product is their business but most do NOT know how to build a company. Investors are interested in a great business not product. Companies have many layers. #austin #Startups #entrepreneurlife #atx #texas #utaustin #txpic.twitter.com/kp4cQbqI1F â€“ at Capital Factory,,,1,1.55361E+12,3/26/19 8:30,/LifeEntrepre/status/1110564733801975808