•ÈÀweb-scraper-order,web-scraper-start-url,handle,name,content,replies,retweets,favorites,unix_timestamp,published_date,url
1554328934-3588,https://twitter.com/search?l=&q=%23yale%20since%3A2019-01-01%20until%3A2019-04-03&src=typd&lang=en,@sixhuesblog,SixHues,"Asian American/Ethnic Studies Programs have always struggled for recognition & support since the ‰Û÷60‰Ûªs.  The withdrawal by 13 faculty withdrew from Yale‰Ûªs Program of Ethnicity, Race and Migration is a powerful statement that people demand a real commitment. #yale @yaledailynewshttps://twitter.com/cesyale/status/1112735251191791619åÊ‰Û_",0,0,1,1.55E+12,4/1/2019 16:35,/sixhuesblog/status/1112861132992208896
1554328934-3635,https://twitter.com/search?l=&q=%23yale%20since%3A2019-01-01%20until%3A2019-04-03&src=typd&lang=en,@AoAmerican,All American,"Wow, we all know how they attained ‰ÛÏLiberal Elite‰Û status now.  
 
#collegeadmissionsscandal #Yale Aunt Becky says ‰ÛÏLet the eat cake‰Û https://twitter.com/MarketWatch/status/1105614547258363904åÊ‰Û_",0,29,31,1.55E+12,3/12/2019 16:49,/AoAmerican/status/1105616809804341249
1554328934-3617,https://twitter.com/search?l=&q=%23yale%20since%3A2019-01-01%20until%3A2019-04-03&src=typd&lang=en,@steph_add,Stephanie Addenbrooke Bean,Throwback to when @Yale_Basketball was last at March Madness. These are some of my favorite pictures that I took for @YDNsports @yaledailynews #highlights #GoBulldogs #yale pic.twitter.com/HtlUpz9Wo1,0,1,13,1.55E+12,3/21/2019 5:08,/steph_add/status/1108701803573587968
1554328934-3605,https://twitter.com/search?l=&q=%23yale%20since%3A2019-01-01%20until%3A2019-04-03&src=typd&lang=en,@Hearing4Kids,Sebastian Hendricks,"RT briandavidearp: RT Latinohistory: The ""obligation at hand is a moral one."" In a unanimous op-ed, the Yale Daily News reminds #Yale it must support Ethnic Studes and fully enfranchise the ER&M program after 22 years. https://yaledailynews.com/blog/2019/04/01/news-view-in-solidarity-with-erm/?fbclid=IwAR0ExyEsvvrYgbdVhdDl_YqZGhDAHLud1K2Nj_Ak0whlQcZgrt7dzXlPQLEåÊ‰Û_",0,0,0,1.55E+12,4/1/2019 17:52,/Hearing4Kids/status/1112880346947837952
1554328934-3628,https://twitter.com/search?l=&q=%23yale%20since%3A2019-01-01%20until%3A2019-04-03&src=typd&lang=en,@ChrisHale26,Chris Hale,#williamsinger gave everybody up! The definition of snitch is gonna have his picture on it. You got $25 mill from everybody & still gave them up #smh #usc #ucla #yale #stanford #AdmissionsScam take the wrap and cut up the paper trail!!,4,1,9,1.55E+12,3/14/2019 12:29,/ChrisHale26/status/1106276113804726272
1554328934-3595,https://twitter.com/search?l=&q=%23yale%20since%3A2019-01-01%20until%3A2019-04-03&src=typd&lang=en,@Schultz_Report,Jordan Schultz,"Hollywood Naz Reid is a grown man 
#LSU #Yale #MarchMadness #SCtop10 @NazReidpic.twitter.com/dAZDEBZz1D",1,2,9,1.55E+12,3/21/2019 10:09,/Schultz_Report/status/1108777666235248640
1554328934-3596,https://twitter.com/search?l=&q=%23yale%20since%3A2019-01-01%20until%3A2019-04-03&src=typd&lang=en,@UScollegelab,US College Lab,.@yale deciding to side with religious persecution....unless they are ending all stipends. All Ivies are not equal. Choose @princeton or @upenn ...perhaps definitely NOT #YALE  @dartmouthhttps://thefederalist.com/2019/04/01/yale-law-school-yanks-stipends-students-work-christian-firms/?fbclid=IwAR2iTvZgpTgSPNwCJLZbKoqSmdLw5mim1X8sP96BF5BwgZIvTWbfVXn0vPs#.XKI6nvBJ6mU.twitteråÊ‰Û_,0,0,0,1.55E+12,4/1/2019 17:35,/UScollegelab/status/1112876132657815552
1554328934-3652,https://twitter.com/search?l=&q=%23yale%20since%3A2019-01-01%20until%3A2019-04-03&src=typd&lang=en,@AllDMines,David Mines,At #Yale for #ivyleague #fencing. Ran into @JessicaC345 one of the best in the business!pic.twitter.com/4KgXNaaKF2,1,2,59,1.55E+12,2/9/2019 10:31,/AllDMines/status/1094302742905016320
1554328934-3619,https://twitter.com/search?l=&q=%23yale%20since%3A2019-01-01%20until%3A2019-04-03&src=typd&lang=en,@MikePucciHCTMG,Mike Pucci,"#Yale men‰Ûªs notebook: #NewHaven‰Ûªs Tobe Carberry views Yale differently now as assistant coach
Via @DaveBorgeshttps://www.nhregister.com/colleges/article/Yale-men-s-notebook-New-Haven-s-Tobe-13704579.phpåÊ‰Û_",0,5,7,1.55E+12,3/20/2019 17:29,/MikePucciHCTMG/status/1108525881880911873
1554328934-3667,https://twitter.com/search?l=&q=%23yale%20since%3A2019-01-01%20until%3A2019-04-03&src=typd&lang=en,@SkysTheLimitWR,Margin Hooks,"Off-season work with a few of my college and college bound players
#Hookem #Illini #Yale #TxSt #D1Bound
#SkysTheLimitpic.twitter.com/4tWfqtFlw0",1,10,34,1.55E+12,1/9/2019 22:23,/SkysTheLimitWR/status/1083247890510815232
1554328934-3638,https://twitter.com/search?l=&q=%23yale%20since%3A2019-01-01%20until%3A2019-04-03&src=typd&lang=en,@halltoons,Ed Hall,Thanks for sharing! #collegeadmissionsscandal #harvard #FelicityHuffman #Yale @laloalcaraz @co_rapunzel4 @PSampsonHowes @MaggieJordanACNpic.twitter.com/DfwPOWCjfZ,4,44,57,1.55E+12,3/12/2019 15:04,/halltoons/status/1105590435672719368
1554328934-3606,https://twitter.com/search?l=&q=%23yale%20since%3A2019-01-01%20until%3A2019-04-03&src=typd&lang=en,@Schultz_Report,Jordan Schultz,"Miye Oni has struggled today, but he possesses many traits of a two-way NBA wing. On display here is his explosive first step, direct-line drive and finishing ability. 
#Yale #LSU #MarchMadnesspic.twitter.com/Vubh0c7j9F",0,2,3,1.55E+12,3/21/2019 11:43,/Schultz_Report/status/1108801350492712961
1554328934-3650,https://twitter.com/search?l=&q=%23yale%20since%3A2019-01-01%20until%3A2019-04-03&src=typd&lang=en,@mzalnieriute,Monika Zalnieriute,"My latest paper on human rights obligations by non-state actors in the digital age soon coming out in #Yale Journal of Law & Technology! Happy to get into US journal for the first time, and you can read accepted version on SSRN or 
https://unsw.academia.edu/MonikaZalnieriuteåÊ‰Û_.pic.twitter.com/w6NGwt2bCo",1,5,18,1.55E+12,2/13/2019 12:34,/mzalnieriute/status/1095783300495360000
1554328934-3642,https://twitter.com/search?l=&q=%23yale%20since%3A2019-01-01%20until%3A2019-04-03&src=typd&lang=en,@lesleyabravanel,Lesley Abravanel,"My husband is from Sweden so he confuses his y's with his j's. When I told him a friend of mine was going to #Yale, he said, what crime did she commit? Now the whole Jail/Yale thing may make more sense. Yikes.  #OperationVarsityBlues",7,8,114,1.55E+12,3/12/2019 9:35,/lesleyabravanel/status/1105507572256260097
1554328934-3623,https://twitter.com/search?l=&q=%23yale%20since%3A2019-01-01%20until%3A2019-04-03&src=typd&lang=en,@BillyEmbody,Billy Embody,"Tremont Waters, Skylar Mays open up on everything from #LSU's lessons learned in the SEC Tournament, defending #Yale's balanced attack, the team's co-coaches and more. 

#MarchMadness 

Tigers and Bulldogs tip at 11:40 a.m. CT on truTV tomorrow.

Story: https://247sports.com/college/lsu/LongFormArticle/Tremont-Waters-Skylar-Mays-LSU-vs-Yale-NCAA-Tournament-2019-press-conference-130308789/åÊ‰Û_pic.twitter.com/MobNAz4ZdV",0,5,10,1.55E+12,3/20/2019 10:52,/BillyEmbody/status/1108425988805935105
1554328934-3624,https://twitter.com/search?l=&q=%23yale%20since%3A2019-01-01%20until%3A2019-04-03&src=typd&lang=en,@CollChris,Chris Collins,"Vx'd v Unvaxxed debate is a thing we will never see as Pharma knows well pro-#vaccines side would lose, as shown by #Yale team bailing on debate w/ RFK Jr. Vx truth isn't on pro-Vx side. #Yalebails #NewHaven @somedocs #HPVvaccine #vaxxed #hpv #edu NO #vaccinesworkhttps://twitter.com/RobertKennedyJr/status/1108007403289829376åÊ‰Û_",0,4,6,1.55E+12,3/20/2019 7:23,/CollChris/status/1108373436366110720
1554328934-3641,https://twitter.com/search?l=&q=%23yale%20since%3A2019-01-01%20until%3A2019-04-03&src=typd&lang=en,@C_Shaughnessy,Charles Shaughnessy,"Having put two honest, hard-working kids through this rigorous gauntlet and knowing how much harder less privileged kids must work to get noticed, this immoral, arrogant, greedy behavior disgusts, angers and dismays me. #cheat #karma #Yale https://www.nbcboston.com/news/national-international/College-Entrance-Exam-Cheating-Scandal-Indictment-FBI-US-Attorney-Boston-507030761.htmlåÊ‰Û_",12,14,111,1.55E+12,3/12/2019 11:00,/C_Shaughnessy/status/1105529095373217792
1554328934-3585,https://twitter.com/search?l=&q=%23yale%20since%3A2019-01-01%20until%3A2019-04-03&src=typd&lang=en,@nabbyzay,Zay,Okay #yale,0,0,0,1.55E+12,4/1/2019 12:04,/nabbyzay/status/1112792817703645184
1554328934-3579,https://twitter.com/search?l=&q=%23yale%20since%3A2019-01-01%20until%3A2019-04-03&src=typd&lang=en,@episcopaul,Paul Reese,"Uh oh, it appears I‰Ûªve become #yale famous. What have I done?! #impostorsyndrome https://ift.tt/2YJAoesåÊpic.twitter.com/wVNMuDoIoz",0,0,1,1.55E+12,4/2/2019 12:43,/episcopaul/status/1113165068592648194
1554328934-3672,https://twitter.com/search?l=&q=%23yale%20since%3A2019-01-01%20until%3A2019-04-03&src=typd&lang=en,@OxfordRoyale,Oxford Royale,Where will you study this summer? #newyear #2019 #newyearsresolutions #newyou #study #learn #experience #travel #summerschool #studyabroad #studyintheUK #oxford #cambridge #yale #imperialcollegelondon #ORA2019 #newyearnewyou #goforitpic.twitter.com/iw9rSVesnC,0,0,1,1.55E+12,1/3/2019 0:30,/OxfordRoyale/status/1080743141605629952
1554328934-3633,https://twitter.com/search?l=&q=%23yale%20since%3A2019-01-01%20until%3A2019-04-03&src=typd&lang=en,@mcsole,S O L E,"""The managers son goes to #Yale
the janitor's son goes to jail""
https://sole.bandcamp.com/track/the-janitors-sonåÊ‰Û_",3,5,22,1.55E+12,3/12/2019 16:51,/mcsole/status/1105617261828734976
1554328934-3686,https://twitter.com/search?l=&q=%23yale%20since%3A2019-01-01%20until%3A2019-04-03&src=typd&lang=en,@mhkryger,Meir Kryger M.D.,"A 2018 highlight was a course I taught #Yale undergraduates. Students had to present a sleep-themed project on the final class of the semester. The results were breathtakingly brilliant. Thank you, Mystery of Sleep students. https://www.krygerbooks.com/class-of-2018",1,6,16,1.55E+12,1/1/2019 6:17,/mhkryger/status/1080105618365706240
1554328934-3610,https://twitter.com/search?l=&q=%23yale%20since%3A2019-01-01%20until%3A2019-04-03&src=typd&lang=en,@YaleSOMAlumni,Yale SOM Alumni,"Paula Volent '97, Chief Investment Officer & SVP of @BowdoinCollege tells the @nytimes how she fell in love with finance and endowments during her time at #Yale http://ow.ly/7IRT50nPv4qåÊ #YaleSOMAlumni",0,7,11,1.55E+12,3/22/2019 6:33,/YaleSOMAlumni/status/1109085588152614913
1554328934-3656,https://twitter.com/search?l=&q=%23yale%20since%3A2019-01-01%20until%3A2019-04-03&src=typd&lang=en,@YaleArchSci,YalePYRO,"Today we explored use-wear in ‰ÛÏIntroduction to Experimental Archaeology‰Û class, using digital microscopes to document any marks on obsidian flakes before and after cutting bones, wood, and a gourd. #ArchaeologicalScience #Yale pic.twitter.com/DEf0QAz21S",0,7,30,1.55E+12,2/6/2019 12:59,/YaleArchSci/status/1093252802032398336
1554328934-3603,https://twitter.com/search?l=&q=%23yale%20since%3A2019-01-01%20until%3A2019-04-03&src=typd&lang=en,@turboricua,Manuel Torres-K,"Radium Girls directed by my daughter at #Yale #Repost yale yale_dramat 
‹ÄÈ‹ÄÈ‹ÄÈ
Radium Girls, our 2019 FroShow, is running this Thursday - Saturday at the Yale Repertory Theatre! Get tickets‰Û_ https://www.instagram.com/p/Bvu9mCIh1fP/?utm_source=ig_twitter_share&igshid=1nh235isyltemåÊ‰Û_",0,0,1,1.55E+12,4/1/2019 17:55,/turboricua/status/1112881106091737089
1554328934-3621,https://twitter.com/search?l=&q=%23yale%20since%3A2019-01-01%20until%3A2019-04-03&src=typd&lang=en,@KaMack_,KayMack,@_chismosa_ and I ready to make brown women the face of Yale Law School #WomenLead #LawStudents #YLS #Yale #WOChttps://twitter.com/_chismosa_/status/1108433259405414400åÊ‰Û_,0,2,17,1.55E+12,3/20/2019 11:29,/KaMack_/status/1108435331991392256
1554328934-3643,https://twitter.com/search?l=&q=%23yale%20since%3A2019-01-01%20until%3A2019-04-03&src=typd&lang=en,@LakePointHoops,LakePoint Basketball,Congrats to Class of 2020 guard Sion James (@SionJames14) on receiving an offer from #Yale following his visit this weekend! Sion had a great year for @LanierHoops and starred at last year's #BattleForGeorgia with @gameeliteatl 16U. pic.twitter.com/IxTwoCJo64,0,7,32,1.55E+12,3/12/2019 6:21,/LakePointHoops/status/1105458672233299968
1554328934-3679,https://twitter.com/search?l=&q=%23yale%20since%3A2019-01-01%20until%3A2019-04-03&src=typd&lang=en,@yalekentuckiana,Yale Kentuckiana Inc,Integrated LED lights on the new #Yale MPE-VH end rider boost operator awareness in dark truck trailers. This is just one reason why it was named MHPN's #ProductOfTheYear! Allow us to #illuminate the details here: http://bit.ly/2zttkYmåÊpic.twitter.com/yEQtCRtUAW,0,0,1,1.55E+12,1/2/2019 5:25,/yalekentuckiana/status/1080454940882100224
1554328934-3573,https://twitter.com/search?l=&q=%23yale%20since%3A2019-01-01%20until%3A2019-04-03&src=typd&lang=en,@gggaabbyy_,Gaby,"Guys I got into Harvard, Stanford, Yale, Columbia, UPenn, Brown, and Cornell. Can I get a RT for good luck or what #harvard #yale #stanford #columbia #upenn #brown #cornellpic.twitter.com/b8vi9At1VU",3,152,160,1.55E+12,3/29/2019 17:48,/gggaabbyy_/status/1111792389797097472
1554328934-3670,https://twitter.com/search?l=&q=%23yale%20since%3A2019-01-01%20until%3A2019-04-03&src=typd&lang=en,@BrittonDaly,Britton O'Daly,"Embattled #Yale student Saif Khan, who was given an emergency suspension last Fall for a now defunct criminal investigation, has been expelled for an allegation of sexual assault that he was found not guilty of by a criminal court in Spring 2018.

https://yaledailynews.com/blog/2019/01/03/khan-expelled-uwc-finds-him-responsible-for-sexual-assault/åÊ‰Û_",2,6,19,1.55E+12,1/3/2019 9:31,/BrittonDaly/status/1080879335161106433
1554328934-3639,https://twitter.com/search?l=&q=%23yale%20since%3A2019-01-01%20until%3A2019-04-03&src=typd&lang=en,@NicoleFAlvarez,Nicole Alvarez,1. There are so many smart and hardworking and deserving kids in the world who dream of going to #IvyLeague schools like #Harvard and #Yale but can‰Ûªt . All they want to do is change the world and make it better. Shame on those who accept the money to cheat the system.,1,4,61,1.55E+12,3/12/2019 11:48,/NicoleFAlvarez/status/1105540991275032576
1554328934-3664,https://twitter.com/search?l=&q=%23yale%20since%3A2019-01-01%20until%3A2019-04-03&src=typd&lang=en,@zoebchance,Zoe Chance,"New Haven's hometown hero & #McArthurGenius Titus Kaphar reimagines #Yale founder & slave trader Elihu Yale as--old news.

People who amass wealth & power by taking it from others don't deserve the attention they crave. Even when they found universities or hold national office. https://twitter.com/bssbulldogs/status/1086992419927793664åÊ‰Û_",0,6,23,1.55E+12,1/20/2019 10:36,/zoebchance/status/1087056242256814080
1554328934-3627,https://twitter.com/search?l=&q=%23yale%20since%3A2019-01-01%20until%3A2019-04-03&src=typd&lang=en,@adamzyglis,Adam Zyglis,White elite fashion accessories... @TheBuffaloNews #CollegeCheatingScandal #CollegeAdmissionScandal #universities #corruption #bribes #kickbacks #yale #harvard https://buffalonews.com/2019/03/15/adam-zyglis-college-bribes/åÊ‰Û_pic.twitter.com/cWmSaRP008,3,6,17,1.55E+12,3/15/2019 8:50,/adamzyglis/status/1106583402373939200
1554328934-3572,https://twitter.com/search?l=&q=%23yale%20since%3A2019-01-01%20until%3A2019-04-03&src=typd&lang=en,@budweiserusa,Budweiser,"Rise up and raise your Buds to an American hero, Jackie Robinson. #ThisBudsForJackiepic.twitter.com/y6oQhDOwbv",17,187,834,1.55E+12,4/1/2019 6:56,/budweiserusa/status/1112715452608860170
1554328934-3622,https://twitter.com/search?l=&q=%23yale%20since%3A2019-01-01%20until%3A2019-04-03&src=typd&lang=en,@yaleafrica,Yale Africa,"Ethiopian-born Lina Ayenew '10 B.A., ‰Ûª11 M.P.H. became fascinated w/ #China via a @YaleChina fellowship at #Yale and has since made connecting the dots btwn #Africa & China her life's work. http://bit.ly/2TMjGw6åÊ #yalealumni @yalealumni @YaleAfricaChina @Yale_OIA @Yale",0,4,14,1.55E+12,3/20/2019 11:11,/yaleafrica/status/1108430824389660672
1554328934-3594,https://twitter.com/search?l=&q=%23yale%20since%3A2019-01-01%20until%3A2019-04-03&src=typd&lang=en,@lateliersia,L'Atelier SIA,"Experience the Keyless Convenience with Yale Digital Door Locks.
Yale digital door Lock-latest in digital door locking technology ‰ÛÒ fingerprint, smart card or keypad ‰ÛÒ to open your door. 
YDME80 with Fingerprint, Pin Code, & Mechanical key, has strong security features.
#Yale pic.twitter.com/5IvAabTfsC",0,0,0,1.55E+12,3/30/2019 5:50,/lateliersia/status/1111974004011790337
1554328934-3570,https://twitter.com/search?l=&q=%23yale%20since%3A2019-01-01%20until%3A2019-04-03&src=typd&lang=en,@laurenkim_lk,Lauren Kim,Yale doesn‰Ûªt respect ethnic studies and the amazing labor of these professors-what does this say about how Yale treats its students of color and our stories? how has ethnic studies affected your life? how can we mobilize? #ethnicstudies #yale  https://yaledailynews.com/blog/2019/03/29/thirteen-professors-withdraw-from-erm-program/åÊ‰Û_,1,1,3,1.55E+12,3/29/2019 17:20,/laurenkim_lk/status/1111785168753385473
1554328934-3671,https://twitter.com/search?l=&q=%23yale%20since%3A2019-01-01%20until%3A2019-04-03&src=typd&lang=en,@WereNIEA,NIEA,#CallForSubmissions #NativeWriters ages 25 and under win an all expenses paid trip to #Yale May 2019 - Jan 6 deadline - see flyer! #YIPAPpic.twitter.com/FiA1Tp7fR1,0,16,11,1.55E+12,1/3/2019 4:21,/WereNIEA/status/1080801435355410433
1554328934-3625,https://twitter.com/search?l=&q=%23yale%20since%3A2019-01-01%20until%3A2019-04-03&src=typd&lang=en,@KatieCorradoTV,Katie Corrado,#Overheard on the #subway: Teen loudly tells her friend that parents who cheated in the college admissions scandal were dumb b/c they did things illegally. *She‰Ûªs* getting into #Yale because her dad *donates money every year* and does things *THE RIGHT WAY.*  I give up.,8,5,46,1.55E+12,3/19/2019 9:22,/KatieCorradoTV/status/1108041184054820864
1554328934-3592,https://twitter.com/search?l=&q=%23yale%20since%3A2019-01-01%20until%3A2019-04-03&src=typd&lang=en,@DylansRawTake,Dylan,"Final 

LSU holds off YALE 

(3) #LSU 79
 
(14) #YALE 74 

#MarchMadness",3,17,53,1.55E+12,3/21/2019 11:50,/DylansRawTake/status/1108803112062603264
1554328934-3649,https://twitter.com/search?l=&q=%23yale%20since%3A2019-01-01%20until%3A2019-04-03&src=typd&lang=en,@YaleWBB,Yale Women‰Ûªs Basketball,"Our former asst. coach Queen Smith met #Yale alum @joetsai1999, co-owner of the @BrooklynNets, in China last fall when @Yale_Basketball played there. 3 months later it led to an elementary school getting 30 tickets to the @NBA All-Star Game. #ThisIsYalehttps://www.charlotteobserver.com/news/article226405445.htmlåÊ‰Û_",0,7,33,1.55E+12,2/19/2019 6:27,/YaleWBB/status/1097865174806155265
1554328934-3604,https://twitter.com/search?l=&q=%23yale%20since%3A2019-01-01%20until%3A2019-04-03&src=typd&lang=en,@dlump5000,David Lindquist,"As a casual hockey fan but I really read that the #1 team in the country (SCSU) the #1 seed, in the tournament (again, SCSU) lost to something called American International?  Do they think they're the Gophers?! #HolyCross #AirForce #Yale really can't spell sucks without SCSU.",1,0,1,1.55E+12,3/30/2019 9:06,/dlump5000/status/1112023276199518209
1554328934-3647,https://twitter.com/search?l=&q=%23yale%20since%3A2019-01-01%20until%3A2019-04-03&src=typd&lang=en,@USMOfficial1969,USM Official,"This is USM. Reflection as such is a common sight in campus. 
Credit @hilal_din 
#usm #welead #reflection #scene #lake #university #minden #penang #malaysia #world #usm50 #cambridge #yale #umpic.twitter.com/6Cvcyjtmqc",0,52,80,1.55E+12,2/20/2019 18:45,/USMOfficial1969/status/1098413491872911360
1554328934-3687,https://twitter.com/search?l=&q=%23yale%20since%3A2019-01-01%20until%3A2019-04-03&src=typd&lang=en,@schotziejlk,Cupcake Schotzie,"For real, @andersoncooper ? 

Wow.

He clearly didn't go to a state school.  

Ha! #HappyNewYear

#yale https://twitter.com/greggutfeld/status/1079923673451110400åÊ‰Û_",0,0,0,1.55E+12,1/1/2019 5:04,/schotziejlk/status/1080087310430015488
1554328934-3581,https://twitter.com/search?l=&q=%23yale%20since%3A2019-01-01%20until%3A2019-04-03&src=typd&lang=en,@HubLandscape,SmartLandscapeHub,"In the context of #smartlandscape and #Smart #resources use, #waterfootprint is a fundamental aspect. Irrigation, by definition, is the most water consuming activity we have. #Yale decides to become an example in this application https://agenparl.eu/yale-implements-smart-irrigation-systems-to-reduce-landscaping-water-usage/åÊ‰Û_",0,0,0,1.55E+12,4/2/2019 1:16,/HubLandscape/status/1112992060460732416
1554328934-3651,https://twitter.com/search?l=&q=%23yale%20since%3A2019-01-01%20until%3A2019-04-03&src=typd&lang=en,@JeritRoser,Jerit Roser,"Caleb Holstein (@caleb_holstein6) finding Quincy ‰ÛÏSticks‰Û Brown (@Brown10__), who takes advantage of a misplay and adds some YAC.

Caleb picking up notable interest from all over. #LaTech #Memphis #LSU #Yale #Harvard 

Most recent offer for Sticks came from #Colorado yesterday.pic.twitter.com/Io3YhXsjdM",0,7,19,1.55E+12,2/9/2019 11:25,/JeritRoser/status/1094316341258010624
1554328934-3571,https://twitter.com/search?l=&q=%23yale%20since%3A2019-01-01%20until%3A2019-04-03&src=typd&lang=en,@NOLAforBernie,Geaux Bernie,Yep. Fuck #JussieSmollett but it's strange that a lot of people enraged about this don't have that same energy for the #Yale college scam. Strange. I wonder what's different?,1,0,1,1.55E+12,3/27/2019 5:32,/NOLAforBernie/status/1110882252299358209
1554328934-3582,https://twitter.com/search?l=&q=%23yale%20since%3A2019-01-01%20until%3A2019-04-03&src=typd&lang=en,@thakurprakashk,Prakash Kumar,@smritiirani Has #yale University degree.,0,0,0,1.55E+12,4/1/2019 21:19,/thakurprakashk/status/1112932657783099392
1554328934-3578,https://twitter.com/search?l=&q=%23yale%20since%3A2019-01-01%20until%3A2019-04-03&src=typd&lang=en,@PurePapua,#WestPapua,"Yale University. 
There is a strong indication that the Indonesian government has committed genocide against the West Papuans.‰Û Several other scholars have reached a similar conclusion. #genocide #yale #WestPapuapic.twitter.com/cfMcaCPxIW",0,5,1,1.55E+12,4/1/2019 6:52,/PurePapua/status/1112714431010664448
1554328934-3574,https://twitter.com/search?l=&q=%23yale%20since%3A2019-01-01%20until%3A2019-04-03&src=typd&lang=en,@debreese,Dr. Debbie Reese,"Thirteen professors withdraw from Ethnicity, Race, & Migration program https://yaledailynews.com/blog/2019/03/29/thirteen-professors-withdraw-from-erm-program/åÊ‰Û_ #Yale pic.twitter.com/UjlJCirKJC",1,7,10,1.55E+12,3/30/2019 2:45,/debreese/status/1111927354119606273
1554328934-3666,https://twitter.com/search?l=&q=%23yale%20since%3A2019-01-01%20until%3A2019-04-03&src=typd&lang=en,@RuxShawn,ShawnRux,#collegeawarenessday What school are you reppin‰Ûª? #DSU #YALE #educationsaveslives @D29Shines @bevmitche @NYCSchools @DOEChancellorpic.twitter.com/hgTyyWdZJ4,1,6,55,1.55E+12,1/11/2019 8:44,/RuxShawn/status/1083766566737596416
1554328934-3593,https://twitter.com/search?l=&q=%23yale%20since%3A2019-01-01%20until%3A2019-04-03&src=typd&lang=en,@Oreo,Oreo Cookie,The most epic cookies of all time are here. Click to watch the full video. #GameOfCookies #ForTheThrone,28,153,664,1.55E+12,4/2/2019 7:27,/Oreo/status/1113085571767943170
1554328934-3569,https://twitter.com/search?l=&q=%23yale%20since%3A2019-01-01%20until%3A2019-04-03&src=typd&lang=en,@ZareenaGrewal,Dr. Zareena Grewal,Today I was 1 of 13 faculty who withdrew from #Yale's Ethnicity Race & Migration Program Painful but University's record of inaction & broken promises forced our hand I came to Yale thru ER&M's postdoc Wouldn't be here w/o ERM I will fight for it to exist https://bit.ly/2K4lPPt,14,358,1.1K,1.55E+12,3/29/2019 17:43,/ZareenaGrewal/status/1111791021501878273
1554328934-3673,https://twitter.com/search?l=&q=%23yale%20since%3A2019-01-01%20until%3A2019-04-03&src=typd&lang=en,@Feliciamabuza,Felicia Mabuza-Suttle,"Why I watch @MSNBC and @CNN. Enjoy listening to Rachel @maddow #Stanford and #Oxford, @AriMelber #Cornell, @andersoncooper #Yale, @ChrisCuomo #Yale, @JoyReid #Harvard, @ChrisHayes #Brown, @Lawrence O'Donnell, #Harvard.pic.twitter.com/PhNVbeu0DE",1,0,7,1.55E+12,1/2/2019 20:58,/Feliciamabuza/status/1080689736501678080
1554328934-3668,https://twitter.com/search?l=&q=%23yale%20since%3A2019-01-01%20until%3A2019-04-03&src=typd&lang=en,@SidneyPowell1,Sidney Powell åÊ_Ùà¼_ÙàüåÊ‰_åÊ‰_åÊ‰_,"He might want to look at more recent and relevant statutes, but let's let him do his own research. 
#Yale
#Dimms
#Dobbshttps://twitter.com/BoSnerdley/status/1082058688494481408åÊ‰Û_",2,30,69,1.55E+12,1/6/2019 21:41,/SidneyPowell1/status/1082150138452295680
1554328934-3676,https://twitter.com/search?l=&q=%23yale%20since%3A2019-01-01%20until%3A2019-04-03&src=typd&lang=en,@BritaYaleAlumni,Brita Belli - Yale Alumni Writer,#Yale experts weigh in on the connection between #wildfires and #climatechange in a @YaleBlueGreen webinar tomorrow. #yalealumni @yalealumni https://docs.google.com/forms/d/e/1FAIpQLSfuuoERvN_k5j5h8L3vVgo9QCRoy1cJ76EIJmOcgsg1nBueJQ/viewformåÊ‰Û_,0,0,3,1.55E+12,1/2/2019 12:52,/BritaYaleAlumni/status/1080567429007400961
1554328934-3629,https://twitter.com/search?l=&q=%23yale%20since%3A2019-01-01%20until%3A2019-04-03&src=typd&lang=en,@ChineseAZ,ChineseAZ,"First lawsuits filed by students at elite schools in wake of #CollegeAdmissionsScandal #Yale #Stanford #USC #UCLA #UCSD #GeorgeTown #UniversityofTexas https://www.nbcnews.com/news/us-news/college-cheating-scandal-first-lawsuits-filed-students-elite-schools-n983211åÊ‰Û_ via @nbcnews ‰ÛÒ at Hong Kong Express (COFCO, Inside Market)",1,14,14,1.55E+12,3/14/2019 10:48,/ChineseAZ/status/1106250793462566912
1554328934-3675,https://twitter.com/search?l=&q=%23yale%20since%3A2019-01-01%20until%3A2019-04-03&src=typd&lang=en,@mojourn,Matt O'Rourke,"It‰Ûªs a little thing, but it‰Ûªs hard to believe I‰Ûªve been @yalesom for five years now. It‰Ûªs flown by! Thanks all to all who make it feel gratifying. #nhv #yale @ Yale School of Management https://www.instagram.com/p/BsJXgZ0gJZi/?utm_source=ig_twitter_share&igshid=flli367x2m0påÊ‰Û_",0,0,2,1.55E+12,1/2/2019 12:56,/mojourn/status/1080568489981685767
1554328934-3576,https://twitter.com/search?l=&q=%23yale%20since%3A2019-01-01%20until%3A2019-04-03&src=typd&lang=en,@StephanieBohna1,Stephanie Bohnak,All my hard work is going to pay off. I'm going to get into #yale for my grad program if it's the last thing I do.,1,0,10,1.55E+12,4/2/2019 11:32,/StephanieBohna1/status/1113147155336790016
1554328934-3634,https://twitter.com/search?l=&q=%23yale%20since%3A2019-01-01%20until%3A2019-04-03&src=typd&lang=en,@aegpresents,AEG Presents,"When We All Fall Asleep, Where Do We Go? @billieeilish's debut album is out now http://smarturl.it/BILLIEALBUMåÊpic.twitter.com/Qbi5K4Gesp",3,29,212,1.55E+12,3/29/2019 9:39,/aegpresents/status/1111669274823655424
1554328934-3684,https://twitter.com/search?l=&q=%23yale%20since%3A2019-01-01%20until%3A2019-04-03&src=typd&lang=en,@ClintKalan,Clint Kalan,Dang. Mandy Medoro left at 4. Just a few minutes late to post a picture from #yale central,0,0,4,1.55E+12,1/1/2019 19:19,/ClintKalan/status/1080302635213705216
1554328934-3597,https://twitter.com/search?l=&q=%23yale%20since%3A2019-01-01%20until%3A2019-04-03&src=typd&lang=en,@Sheadixon,Shea Dixon,"New: #LSU vs. #Yale is the 14th NCAA Tournament game for the Tigers since 2000. Let's stroll down memory lane.

A nine-scholarship team making it to the Sweet 16. Darrel Mitchell's game-winner. Sending JJ Redick + Gordon Hayward home. A Final 4 and more. https://247sports.com/college/lsu/LongFormArticle/-LSU-Tigers-basketball-march-madness-ncaa-tournament-record-games-since-2000-final-four-130242447/åÊ‰Û_pic.twitter.com/fDBo80YpuY",0,11,43,1.55E+12,3/19/2019 6:09,/Sheadixon/status/1107992412683681793
1554328934-3607,https://twitter.com/search?l=&q=%23yale%20since%3A2019-01-01%20until%3A2019-04-03&src=typd&lang=en,@NYJusticeSeeker,NY J‡«Ïs‡«Ýƒ»‡«ã‡«à S‡«à‡«à‡«Ü‡«àæÛ,#Yale grad #OmarZaki fined $25k for running fake #hedgefund that scammed #investor https://mol.im/a/6875625åÊ via @MailOnline,0,0,0,1.55E+12,4/2/2019 9:28,/NYJusticeSeeker/status/1113116123367706624
1554328934-3626,https://twitter.com/search?l=&q=%23yale%20since%3A2019-01-01%20until%3A2019-04-03&src=typd&lang=en,@FastModel,FastModel Sportså¨ åÊ_ÙÛåÊ_ÙÕÈ,#IvyLeague Championship on now! #Yale https://twitter.com/FastModel/status/1102008197760667649åÊ‰Û_,0,4,22,1.55E+12,3/17/2019 10:23,/FastModel/status/1107331528068087808
1554328934-3665,https://twitter.com/search?l=&q=%23yale%20since%3A2019-01-01%20until%3A2019-04-03&src=typd&lang=en,@BassLibrary,Bass Library,"Today would have been Dr. Martin Luther King Jr.‰Ûªs 90th birthday. For January we‰Ûªre celebrating Dr. King in Bass Library. Come contribute to the board and check out the book display in Bass Library.

#basslibrary #yalelibrary #yale #mlkjr #librarylife #socialjustice #civilrightspic.twitter.com/hdJJOrTvRj",0,10,21,1.55E+12,1/15/2019 7:55,/BassLibrary/status/1085203948653416448
1554328934-3630,https://twitter.com/search?l=&q=%23yale%20since%3A2019-01-01%20until%3A2019-04-03&src=typd&lang=en,@Scott_E_Page,Scott Page,"#Yale, #USC, #Stanford allowed explicit purchase of admission. The wealthy also implicitly purchase admission through greater opportunities to excel.  High SES students may be 20 times more likely to exhibit the exceptional talent  #UMICH #CSCS #SFI
https://documentcloud.adobe.com/link/track?uri=urn%3Aaaid%3Ascds%3AUS%3Abbfd8999-8bc2-4eeb-901d-e55125b939eaåÊ‰Û_",4,10,24,1.55E+12,3/13/2019 4:06,/Scott_E_Page/status/1105787146013720576
1554328934-3681,https://twitter.com/search?l=&q=%23yale%20since%3A2019-01-01%20until%3A2019-04-03&src=typd&lang=en,@yaleclubofsd,Yale Club San Diego,Love our global Yale community! #YaleAlumni #Yale #community #inspirehttps://twitter.com/YaleAlumni/status/1080198688348299265åÊ‰Û_,0,0,2,1.55E+12,1/1/2019 22:02,/yaleclubofsd/status/1080343650737901570
1554328934-3663,https://twitter.com/search?l=&q=%23yale%20since%3A2019-01-01%20until%3A2019-04-03&src=typd&lang=en,@newhavenindy,New Haven Indy,#Yale-NewHavenHospital Waives Fees For Furloughed Federal Workers  |  New Haven Independent http://bit.ly/2S9JL6K,0,7,9,1.55E+12,1/25/2019 7:50,/newhavenindy/status/1088826452265652225
1554328934-3620,https://twitter.com/search?l=&q=%23yale%20since%3A2019-01-01%20until%3A2019-04-03&src=typd&lang=en,@BillyEmbody,Billy Embody,"New @Geaux247 Podcast: @Sheadixon and I recap the first two weeks of spring football, safety Jacoby Stevens on the pod and look at #LSU vs. #Yale in the #NCAATournament. #MarchMadness 

iTunes: https://itunes.apple.com/us/podcast/geaux247-podcast/id1166987637?mt=2åÊ‰Û_

Spotify: https://open.spotify.com/show/6N8VgFE0vP9CFsMyzCRLXf?si=6RTvZgMIRGubKulvSulSNwåÊ‰Û_https://247sports.com/college/lsu/Article/LSU-football-basketball-baseball-recruiting-podcast-Geaux247-130315185/åÊ‰Û_",0,6,12,1.55E+12,3/20/2019 13:59,/BillyEmbody/status/1108473056513667072
1554328934-3612,https://twitter.com/search?l=&q=%23yale%20since%3A2019-01-01%20until%3A2019-04-03&src=typd&lang=en,@MTMVSports,MTMV Podcast Network,"What has been the best game of the day?
#Marchmadness #MarchMadnessbracket #Minnesota #Louisville #newmexicostate #Auburn #fsu #vermont #LSUBasketball #yale",0,15,8,1.55E+12,3/21/2019 13:39,/MTMVSports/status/1108830482177888257
1554328934-3575,https://twitter.com/search?l=&q=%23yale%20since%3A2019-01-01%20until%3A2019-04-03&src=typd&lang=en,@regularalex,alexander zhang,yesterday two thousand high schoolers found out they got into yale. many of them I‰Ûªm sure were attracted to #yale for its ethnic studies program. but what they didn‰Ûªt learn in admissions pamphlets is how the university hasn‰Ûªt provided ER&M the admin powers it needs to thrive,1,9,37,1.55E+12,3/29/2019 20:57,/regularalex/status/1111839842592129025
1554328934-3683,https://twitter.com/search?l=&q=%23yale%20since%3A2019-01-01%20until%3A2019-04-03&src=typd&lang=en,@Captaintwoz,Chaz Okada,"Just a little improvisation to start the year...

#guitarsolo #rock #telecaster #fender #improvise #solo #knowyourtone #teletuesday #yale pic.twitter.com/7Ow0DLqpSF",0,2,2,1.55E+12,1/1/2019 21:16,/Captaintwoz/status/1080332035607138304
1554328934-3618,https://twitter.com/search?l=&q=%23yale%20since%3A2019-01-01%20until%3A2019-04-03&src=typd&lang=en,@Rivals,Rivals,"#Yale took Miye Oni without even seeing him play in person.

Now he is one of the top players in the Ivy League and one of the top recruiting finds of the tournament: https://rvls.co/BossiBest0320åÊpic.twitter.com/UQlHHUiMLI",0,3,8,1.55E+12,3/20/2019 18:00,/Rivals/status/1108533683596582912
1554328934-3631,https://twitter.com/search?l=&q=%23yale%20since%3A2019-01-01%20until%3A2019-04-03&src=typd&lang=en,@AngryProfThug,What's Pissing Me Off Today?,The Angry Professor says: Stay in School! Study hard! And your dreams will be...crushed by the offspring of an actress in a Netflix series? Goddammit! #scandal #felicityhuffman #ricksinger #loriloughlin #yale #usc #auntbecky #bringouttheguillotine #wpmot #whatspissingmeofftoday pic.twitter.com/5lAarTeUGF,6,23,82,1.55E+12,3/12/2019 17:07,/AngryProfThug/status/1105621396028354561
1554328934-3637,https://twitter.com/search?l=&q=%23yale%20since%3A2019-01-01%20until%3A2019-04-03&src=typd&lang=en,@StopYunuen,"yunuen,",i completely forgot to submit photos of me doing sports #havard #yale #usc #stanfordpic.twitter.com/rBB8Er5PpK,0,3,53,1.55E+12,3/12/2019 15:32,/StopYunuen/status/1105597366554501121
1554328934-3591,https://twitter.com/search?l=&q=%23yale%20since%3A2019-01-01%20until%3A2019-04-03&src=typd&lang=en,@MorysClub,Mory's Association,Make your Commencement reservations today! Our tables are filling up fast! Contact Jeff Ortiz to schedule your reservation today at 203-562-3157.  #morys #morysclub #yale @MorysClub @Yalepic.twitter.com/x8WvxVVti3,0,0,0,1.55E+12,4/2/2019 12:34,/MorysClub/status/1113162744105242627
1554328934-3682,https://twitter.com/search?l=&q=%23yale%20since%3A2019-01-01%20until%3A2019-04-03&src=typd&lang=en,@yaleclubofsd,Yale Club San Diego,"Thank you SO much to all of our fabulous San Diego Yale Alumni and Yale family who make our club a strong, caring community. Here are a few fun 2018 memories!
#HappyNewYear #YaleAlumni #ThankYou #Gratitude @Yale #Yale #community @yalealumnimag @YaleAlumni #SanDiegopic.twitter.com/oZffyfoCGb",0,2,4,1.55E+12,1/1/2019 22:02,/yaleclubofsd/status/1080343493468250113
1554328934-3577,https://twitter.com/search?l=&q=%23yale%20since%3A2019-01-01%20until%3A2019-04-03&src=typd&lang=en,@skatewithash,skatewithash,#WorldFigure Raf Artunian smiling and hugging Nathan Chen like his favourite asian #Yale-student son is the sliver of emotion I never knew I needed.   #nathanchenpic.twitter.com/yCoJ1H8yfW,2,64,511,1.55E+12,3/23/2019 5:34,/skatewithash/status/1109433310218870784
1554328934-3590,https://twitter.com/search?l=&q=%23yale%20since%3A2019-01-01%20until%3A2019-04-03&src=typd&lang=en,@TinaKimCNN,Tina Kim,"#Yale rescinds admission of a student whose family paid $1.2 million to get her in

https://www.cnn.com/2019/03/25/us/yale-rescinds-student-admissions-scandal/index.htmlåÊ‰Û_",0,1,0,1.55E+12,3/26/2019 2:01,/TinaKimCNN/status/1110466844681531392
1554328934-3661,https://twitter.com/search?l=&q=%23yale%20since%3A2019-01-01%20until%3A2019-04-03&src=typd&lang=en,@kellyjanekeane,Kelly,"My new favorite phrase that boosts student effort by 40% - ‰ÛÏI‰Ûªm giving you these comments because I have very high expectations and I know that you can reach them.‰Û Thanks @DanielCoyle and psychologists from #Stanford, #Yale, and #Columbia for this magic phrase.",1,6,26,1.55E+12,1/28/2019 17:33,/kellyjanekeane/status/1090060447884210178
1554328934-3645,https://twitter.com/search?l=&q=%23yale%20since%3A2019-01-01%20until%3A2019-04-03&src=typd&lang=en,@Yale,Yale University,The largest snowfall this winter began last night with a glittery dusting #Yale pic.twitter.com/jDnsxnkCge,7,119,646,1.55E+12,3/4/2019 13:00,/Yale/status/1102675233893466112
1554328934-3680,https://twitter.com/search?l=&q=%23yale%20since%3A2019-01-01%20until%3A2019-04-03&src=typd&lang=en,@CRHFootball,Choate Football,The relationships you build @gochoate are real and lasting! The brotherhood is special. #choosechoate #brothers #wolfpack #choatefootball #yale #dartmouth #harvard #brown #trinity https://www.instagram.com/p/BsIf0KHFoQ9/?utm_source=ig_twitter_share&igshid=1xlpnz09xen3yåÊ‰Û_,0,0,18,1.55E+12,1/2/2019 4:49,/CRHFootball/status/1080446006683226114
1554328934-3598,https://twitter.com/search?l=&q=%23yale%20since%3A2019-01-01%20until%3A2019-04-03&src=typd&lang=en,@losha_ilyukh,Aleksey Ilyukh,"I hope to one day be guided by Lux et Veritas, sometimes I feel like I already am by the greatest Professor Chad McCracken #Yale My only hope that hard work will allow me to achieve this dream",0,0,0,1.55E+12,3/28/2019 21:10,/losha_ilyukh/status/1111480686949601280
1554328934-3587,https://twitter.com/search?l=&q=%23yale%20since%3A2019-01-01%20until%3A2019-04-03&src=typd&lang=en,@jakegould10,Jake Gould,"Upset call of the day: 14-seed #Yale beats 3-seed #LSU.

Why?

LSU is without head coach Will Wade.
Yale shoots 49% from the field, 37% from three.
And because Miye Oni is league bound & I've been saying it since the Mason Park rec-league days.

Go get it my guy @PrinceOni13!!!",2,1,15,1.55E+12,3/21/2019 8:48,/jakegould10/status/1108757239307726848
1554328934-3689,https://twitter.com/search?l=&q=%23yale%20since%3A2019-01-01%20until%3A2019-04-03&src=typd&lang=en,@oddballtoday,oddballtoday,"Comic #269 - Loud and Clear

http://oddball.today/comics/comic-269åÊ‰Û_
.
.
.
.
.
.
.
#comic #comics #webcomic #webcomics #cartoon #art #humor #funny #lol #lols #lmao #yale #yell #yelling #oops #mixup #mixedup #party #parties #solocup #redcuppic.twitter.com/Y4uNzp9nwS",0,3,8,1.55E+12,12/31/2018 19:02,/oddballtoday/status/1079935827155795969
1554328934-3584,https://twitter.com/search?l=&q=%23yale%20since%3A2019-01-01%20until%3A2019-04-03&src=typd&lang=en,@godimsayinwOw,Greggorio,"*Thoughts of the Hour* 

Dropping out of School+Becoming a Small Town Beach Cop=A happy ending? 

#Harvard #Yale #Cornell #Elites #Revolutionary #CardiB #Offset #Quavo #Migos #Future #PostMalone #BeerBongsAndBentleys",0,0,1,1.55E+12,3/30/2019 11:12,/godimsayinwOw/status/1112055125953179654
1554328934-3658,https://twitter.com/search?l=&q=%23yale%20since%3A2019-01-01%20until%3A2019-04-03&src=typd&lang=en,@YaleRITM,YaleRITM,The #Yale Group for the Study of Native America (YGSNA) @YaleRITM invites applications for the 2019-2020 Henry Roe Cloud Dissertation Writing Fellowship in American Indian and Indigenous Studies!! https://ygsna.sites.yale.edu/henry-roe-cloud-fellowship/henry-roe-cloud-dissertation-fellowship-announced-201920åÊ‰Û_,0,33,24,1.55E+12,2/5/2019 16:53,/YaleRITM/status/1092949378900393985
1554328934-3674,https://twitter.com/search?l=&q=%23yale%20since%3A2019-01-01%20until%3A2019-04-03&src=typd&lang=en,@TampaEFL,EFL,"Busted  #Yale University! Sure you did. Lexi : Mommy, is that you?  #Instagram Live.pic.twitter.com/riXg2q1hyD",0,0,1,1.55E+12,1/2/2019 20:17,/TampaEFL/status/1080679578560065536
1554328934-3657,https://twitter.com/search?l=&q=%23yale%20since%3A2019-01-01%20until%3A2019-04-03&src=typd&lang=en,@Jody_Grooms,James Grooms,"Yale it is! Great day in Watertown. #ELI19 #LifeChangingU Thank you Taft, Coach Whitley, and Yale Football! We are excited and can't wait! #Yale @nolangrooms @SharonGrooms5 @TaftFootballCT @ArtAsselta @TonyRenoYale @coach_cahill @Yale_Footballpic.twitter.com/pqUI6LgeaA",4,11,65,1.55E+12,2/6/2019 11:53,/Jody_Grooms/status/1093236348641861633
1554328934-3688,https://twitter.com/search?l=&q=%23yale%20since%3A2019-01-01%20until%3A2019-04-03&src=typd&lang=en,@yaleclubofsd,Yale Club San Diego,"Wishing our Yale friends and family a spectacular 2019! May you dream big and reach the stars!
#YaleAlumni #Happy_New_Year_2019 #HappyNewYear2019 #Yale #dreambig @Yale @YaleAlumnipic.twitter.com/8OQomFhenU",0,0,4,1.55E+12,12/31/2018 20:57,/yaleclubofsd/status/1079964893472649216
1554328934-3648,https://twitter.com/search?l=&q=%23yale%20since%3A2019-01-01%20until%3A2019-04-03&src=typd&lang=en,@ndnsports,NDNSPORTS.COM,"Yale recruits Rosebud Sioux tribal member to play football.
#NativePreps #Sioux #Yale #IvyLeague

https://rapidcityjournal.com/news/local/yale-recruits-rosebud-sioux-tribal-member-to-play-football/article_be52d8cf-a485-5fd0-b3ee-f19ccbdd57eb.html?fbclid=IwAR2g5_uR_ccKteWVUYKWLi1wDmS6sgGN3YzYzzDX2rxgYOYKveL3Oq2odFAåÊ‰Û_pic.twitter.com/SOLpSROMYY",0,7,43,1.55E+12,2/19/2019 10:36,/ndnsports/status/1097927871119675400
1554328934-3654,https://twitter.com/search?l=&q=%23yale%20since%3A2019-01-01%20until%3A2019-04-03&src=typd&lang=en,@DrinkBODYARMOR,BODYARMOR,".@MikeTrout & Andrew Luck wouldn‰Ûªt do something outdated like a Disco Battle‰Û_ so why would they drink an outdated sports drink? Thanks @Gatorade, we‰Ûªll take it from here. #ObsessedWithBetterpic.twitter.com/BG2vHDLEdV",188,1.4K,4.9K,1.55E+12,3/27/2019 6:12,/DrinkBODYARMOR/status/1110892350514098176
1554328934-3601,https://twitter.com/search?l=&q=%23yale%20since%3A2019-01-01%20until%3A2019-04-03&src=typd&lang=en,@rich45240,Richard Carpenter,"@Yale #Yale Everything can be explained by ""it could have..."" I think people are going to view this as a ""suppressing the truth"" paper...period #Oumuamua #Interstellar
Mysterious 'Oumuamua object may have simple explanation after all https://www.nbcnews.com/mach/science/mysterious-oumuamua-interstellar-object-may-have-simple-explanation-after-all-ncna985466åÊ‰Û_ via @NBCNews",0,0,0,1.55E+12,4/1/2019 15:09,/rich45240/status/1112839398641594369
1554328934-3583,https://twitter.com/search?l=&q=%23yale%20since%3A2019-01-01%20until%3A2019-04-03&src=typd&lang=en,@Red_N_Right,J. Scott Davis,Hideous: Yale Law School Discriminates Against Christians | Rush Limbaugh https://www.rushlimbaugh.com/daily/2019/04/02/hideous-yale-law-school-discriminates-against-christians/åÊ‰Û_ #Yale,0,2,0,1.55E+12,4/2/2019 15:59,/Red_N_Right/status/1113214478730944513
1554328934-3616,https://twitter.com/search?l=&q=%23yale%20since%3A2019-01-01%20until%3A2019-04-03&src=typd&lang=en,@MrDisability,Thomas Gill,"Important new findings about ""taking to bed"" at the end of life from #NIA-supported PEP Study at #Yale Program on Aging/Pepper Center https://twitter.com/AGSJournal/status/1108532439436140544åÊ‰Û_",0,7,12,1.55E+12,3/21/2019 6:45,/MrDisability/status/1108726407201476608
1554328934-3632,https://twitter.com/search?l=&q=%23yale%20since%3A2019-01-01%20until%3A2019-04-03&src=typd&lang=en,@mrubin1971,Michael Rubin,"#Yale admissions scandal is the latest disaster under #PeterSalovey's watch, ICYMI: My article from last week asking why, with such lackluster leadership, @Yale's president still has a job: https://www.washingtonexaminer.com/opinion/yale-pays-the-price-for-subordinating-scholarship-to-social-justiceåÊ‰Û_ @AEIeducation @AEIforStudents",1,14,27,1.55E+12,3/12/2019 16:55,/mrubin1971/status/1105618235616096256
1554328934-3580,https://twitter.com/search?l=&q=%23yale%20since%3A2019-01-01%20until%3A2019-04-03&src=typd&lang=en,@FatimaAlAnsar2,Fatima Al Ansar,I am honored to be speaking at Yale University next week during Yale African Peace and Development Conference. I will be talking about access to education for girls and women in times of conflict. #EducationForAll #Yale #peace #Africapic.twitter.com/UX7MdooTjS,1,6,29,1.55E+12,3/27/2019 11:17,/FatimaAlAnsar2/status/1110969178486386691
1554328934-3646,https://twitter.com/search?l=&q=%23yale%20since%3A2019-01-01%20until%3A2019-04-03&src=typd&lang=en,@RyanWrightRNG,Ryan Wright,2020 St. John Bosco OC Che Womack @CheWomack Football Update Interview from Under Armour All-American Camp: https://www.recruitingnewsguru.com/2020-st-john-bosco-oc-che-womack-football-update-interview/åÊ‰Û_ @boscofootball #UPenn #GoBuffs #RoarLionRoar #Yale,1,9,32,1.55E+12,3/3/2019 18:14,/RyanWrightRNG/status/1102391825451479042
1554328934-3600,https://twitter.com/search?l=&q=%23yale%20since%3A2019-01-01%20until%3A2019-04-03&src=typd&lang=en,@TendiesCapital,Tendies Capital,"""21-Year-Old Yale Alum Accused of Running Hedge Fund Scam by SEC"" -BN #SEC #Hedgefund #Yale",0,0,1,1.55E+12,4/1/2019 13:03,/TendiesCapital/status/1112807792849678339
1554328934-3685,https://twitter.com/search?l=&q=%23yale%20since%3A2019-01-01%20until%3A2019-04-03&src=typd&lang=en,@Darkfringeradio,Dark Fringe RadioåÊ_Ù_ª,"Inside Skull & Bones, The Elite ""Openly Secret"" Society With Highly Influential Members.......
#truth #secretsociety #yale #skullandbones #influence #occult #bush #Darkfringeradio 
Live And Follow!!!
https://m.ranker.com/list/skull-and-bones-secret-society-facts/jacob-shelton?var=6&utm_expid=16418821-424.rYNi5-_cTHuEUfUhdsjseg.5&utm_source=facebook&utm_medium=pd&pgid=642850749204637&utm_campaign=Inside_Skull_Bones&asid=23843110629570782&psid=1298547423634963&utm_referrer=https%3A%2F%2Fl.facebook.com%2FåÊ‰Û_pic.twitter.com/JDcQuxt5N1",0,0,1,1.55E+12,1/1/2019 17:05,/Darkfringeradio/status/1080268914188345345
1554328934-3615,https://twitter.com/search?l=&q=%23yale%20since%3A2019-01-01%20until%3A2019-04-03&src=typd&lang=en,@MarkLazerus,Mark Lazerus,"Well, the bracket someone left on John Hayden's locker stall yesterday just got busted. #Yale",1,2,30,1.55E+12,3/21/2019 11:51,/MarkLazerus/status/1108803249363128325
1554328934-3602,https://twitter.com/search?l=&q=%23yale%20since%3A2019-01-01%20until%3A2019-04-03&src=typd&lang=en,@keaner62,Bob Kean,I am looking for a buyer on 5 Pine Street #Yale #MI  #realestatehttp://tour.coldwellbankerprofessionals.net/home/DMMTJA,0,0,0,1.55E+12,4/2/2019 11:06,/keaner62/status/1113140662709436418
1554328934-3678,https://twitter.com/search?l=&q=%23yale%20since%3A2019-01-01%20until%3A2019-04-03&src=typd&lang=en,@BKpub,Berrett-Koehler,"In #Britain, @Budweiser will soon be brewed using 100 percent #solarpower. https://hubs.ly/H0f-lS-0åÊ @YaleE360 #yale",0,0,1,1.55E+12,1/2/2019 9:00,/BKpub/status/1080509033772126208
1554328934-3609,https://twitter.com/search?l=&q=%23yale%20since%3A2019-01-01%20until%3A2019-04-03&src=typd&lang=en,@taiskates,Tai Babilonia,"Dear @nathanwchen, you are a rockstar! Congrats! #WorldFigure  #2xWorldChampion #Yale #Respecthttps://twitter.com/fsonline/status/1109429424238276608åÊ‰Û_",0,8,142,1.55E+12,3/23/2019 8:17,/taiskates/status/1109474130259140608
1554328934-3614,https://twitter.com/search?l=&q=%23yale%20since%3A2019-01-01%20until%3A2019-04-03&src=typd&lang=en,@Oreo,Oreo Cookie,The most epic cookies of all time are here. #GameOfCookies #ForTheThronepic.twitter.com/Bs91HN7IgU,25,188,584,1.55E+12,4/2/2019 7:28,/Oreo/status/1113085867135037440
1554328934-3691,https://twitter.com/search?l=&q=%23yale%20since%3A2019-01-01%20until%3A2019-04-03&src=typd&lang=en,@NHRJimFuller,Jim Fuller,"#Yale coach Keith Allain's thoughts on facing #UConn: ""I love playing UConn. They have a great staff, do things the right way. It is a game we enjoy as well. We' ve talked about playing them on a fairly regular basis moving forward.""",0,2,9,1.55E+12,12/31/2018 16:22,/NHRJimFuller/status/1079895729232117760
1554328934-3690,https://twitter.com/search?l=&q=%23yale%20since%3A2019-01-01%20until%3A2019-04-03&src=typd&lang=en,@JPPierson,John Pierson,Adam Huska dazzles in @UConnMHOC first-ever win over @YaleAthletics  @adamhuska30 @WTNH #UConn #Yale #Hockeyhttps://www.wtnh.com/sports/college/uconn-huskies/huska-backstops-uconn-men-s-hockey-to-program-s-first-ever-win-over-yale/1681539103åÊ‰Û_,1,3,17,1.55E+12,12/31/2018 16:33,/JPPierson/status/1079898339003547654
1554328934-3586,https://twitter.com/search?l=&q=%23yale%20since%3A2019-01-01%20until%3A2019-04-03&src=typd&lang=en,@bykaren,Karen Crouse,"The antithesis of a college admissions scandal story: @nathanwchen's coach has seen Olympic champions whose gold medals don't help them in life so he encouraged this ""independent study project"" at #Yale: https://www.nytimes.com/2019/03/17/sports/nathan-chen-yale.htmlåÊ‰Û_",6,71,203,1.55E+12,3/17/2019 6:59,/bykaren/status/1107280381512945667
1554328934-3611,https://twitter.com/search?l=&q=%23yale%20since%3A2019-01-01%20until%3A2019-04-03&src=typd&lang=en,@_jimmystewart,Jimmy Stewart,"Hack Mental Health, a hackathon aimed at developing technological solutions to mental health concerns.

Would love to see more of these.  Thanks to #Google for sponsoring and #Yale for taking on such an important issue.

#Technology #MentalHealthhttp://ow.ly/3UMl30o997v",2,4,9,1.55E+12,3/22/2019 5:00,/_jimmystewart/status/1109062238890065920
1554328934-3608,https://twitter.com/search?l=&q=%23yale%20since%3A2019-01-01%20until%3A2019-04-03&src=typd&lang=en,@thatsjustgary,Gary Snyder,"""One guy sang. And soon, a choir."" But who wrote the music? The man attended #Yale himself, had one daughter already graduate from the school and two attending it now. Given the dynastic ways of these schools, does this sound like a man who needed to pay more than tuition? #dealshttps://twitter.com/LATimesfarmer/status/1112399228125368325åÊ‰Û_",0,0,0,1.55E+12,3/31/2019 11:15,/thatsjustgary/status/1112418244483264519
1554328934-3655,https://twitter.com/search?l=&q=%23yale%20since%3A2019-01-01%20until%3A2019-04-03&src=typd&lang=en,@zoltan_istvan,Zoltan Istvan,I gave a talk 2 a Phil/Rel class of about 100 @ #Yale U today. The speech & Q&A (done virtually from my home (see pic)) was on #transhumanism and #Nietzsche (which my novel The Transhumanist Wager explores). The class was given this article as homework: https://www.nytimes.com/2017/02/09/magazine/600-miles-in-a-coffin-shaped-bus-campaigning-against-death-itself.htmlåÊ‰Û_pic.twitter.com/SQ8LX1ncel,0,6,16,1.55E+12,2/7/2019 19:32,/zoltan_istvan/status/1093714048036683776
1554328934-3662,https://twitter.com/search?l=&q=%23yale%20since%3A2019-01-01%20until%3A2019-04-03&src=typd&lang=en,@RyanWrightRNG,Ryan Wright,Offseason Update Interview with 2020 #SanDiego QB DJ Ralph @DJRalph7 from a @premiumsportsla showcase on RNG: https://www.recruitingnewsguru.com/offseason-update-interview-with-2020-san-diego-qb-dj-ralph/åÊ‰Û_ #GoCougs #GoWyo #GoUtes #Yale #GoAztecs,1,8,22,1.55E+12,1/28/2019 12:44,/RyanWrightRNG/status/1089987573546594304
1554328934-3599,https://twitter.com/search?l=&q=%23yale%20since%3A2019-01-01%20until%3A2019-04-03&src=typd&lang=en,@LewisWalpoleLib,LewisWalpoleLibrary,"Winterer is coming...
""Was There an American Enlightenment?""
Thursday, April 4, 5:30 pm
Yale Center for British Art Lecture Hall
1080 Chapel Street, New Haven
The 24th Lewis Walpole Library Lecture
https://walpole.library.yale.edu/programs/lectures-conferencesåÊ‰Û_
#yale pic.twitter.com/b5h260NfV3",0,2,3,1.55E+12,4/1/2019 11:53,/LewisWalpoleLib/status/1112790224441102336
1554328934-3644,https://twitter.com/search?l=&q=%23yale%20since%3A2019-01-01%20until%3A2019-04-03&src=typd&lang=en,@GeoWashPundit,GeorgeåÊ_Ùà¼_ÙàüPunditåÊ_Ùà¼_Ùàü,"Physical intimidation and bullying of conservative and American students rampant at #Yale / #YaleLaw, with faculty complicity, as decent students attempt to stand up to liberal‰Ûªs #antiSemitism and anti-Christian bigotry cloaked as ‰ÛÏintersectionality‰Û.http://thefederalist.com/2019/03/04/thought-christian-constitutionalist-yale-law-school-wrong/åÊ‰Û_",2,38,22,1.55E+12,3/8/2019 6:37,/GeoWashPundit/status/1104028322286067712
1554328934-3640,https://twitter.com/search?l=&q=%23yale%20since%3A2019-01-01%20until%3A2019-04-03&src=typd&lang=en,@Yale_OIA,Yale OIA,"Supporting YSPH initiative, Yale VP visits health center in Ethiopia https://news.yale.edu/2019/03/12/supporting-ysph-initiative-yale-vp-visits-health-center-ethiopiaåÊ‰Û_ @YaleGH @YaleSPH @YaleSOM @YaleMacMillan @Yale @YaleCIPE @JacksonYale @YaleMed #Yale @YaleAfrica @EddieMandhry @YaleIMed @SaadOmer3 @erikalinnander",0,9,17,1.55E+12,3/12/2019 11:19,/Yale_OIA/status/1105533820156198912
1554328934-3659,https://twitter.com/search?l=&q=%23yale%20since%3A2019-01-01%20until%3A2019-04-03&src=typd&lang=en,@Change,Change.org,"Some believe the Sackler family behind Purdue Pharma were directly involved in misleading the public on OxyContin. If you do too, take over this petition and tell #Yale they should rename their buildings. Email us and mention this petition: campaignslab... http://bit.ly/2GeU7fi",1,16,16,1.55E+12,1/31/2019 7:59,/Change/status/1091002937185308674
1554328934-3589,https://twitter.com/search?l=&q=%23yale%20since%3A2019-01-01%20until%3A2019-04-03&src=typd&lang=en,@YaleDivLibrary,Yale Div Library,"Here are a few shots from today‰Ûªs wonderful Marquand Service. Thanks to all the student readers, chapel ministers and library staff who made it possible!
#yaledivinityschool #yale #specialcollections #worship #chapel #divinityschool #archives #bibles #missions #bible #bookspic.twitter.com/zJo9qKp4Qt",0,1,2,1.55E+12,4/2/2019 10:43,/YaleDivLibrary/status/1113134875870203912
1554328934-3653,https://twitter.com/search?l=&q=%23yale%20since%3A2019-01-01%20until%3A2019-04-03&src=typd&lang=en,@stevegiovinco,Steve Giovinco,"These Kodachrome photographs by Tod Papageorge are both an amazing look at a by-gone era of New York, but it also represents a different time in photography where film and the street was king.  https://nyti.ms/2UO0hadåÊ #Yale @mep_paris @TPGallery @HausderKunst @FlakPhoto",0,5,9,1.55E+12,2/8/2019 8:31,/stevegiovinco/status/1093910136475791366
1554328934-3636,https://twitter.com/search?l=&q=%23yale%20since%3A2019-01-01%20until%3A2019-04-03&src=typd&lang=en,@pictureplane,PICTUREPLANEåÊ_ÙÎª,"George W Bush's grandather, Prescott Bush, robbed Geronimo's grave in Arizona, stole his skull and brought it back to Yale, where it has been inside the Skull and Bones secret society temple ever since. Geronimo's family sued the school trying to get the skull back in 2009. #yale pic.twitter.com/RlX0aCcdEB",2,13,59,1.55E+12,3/12/2019 16:33,/pictureplane/status/1105612883948376064
